date,zone,demand_mw,load_shed_mw
01-01-2023,Dhaka,3119,0
01-01-2023,Chittagong,948,0
01-01-2023,Khulna,1105,0
01-01-2023,Rajshahi,930,0
01-01-2023,Comilla,798,0
01-01-2023,Mymensingh,761,0
01-01-2023,Sylhet,341,0
01-01-2023,Barisal,260,0
01-01-2023,Rangpur,613,0
02-01-2023,Dhaka,3354,0
02-01-2023,Chittagong,894,0
02-01-2023,Khulna,1129,0
02-01-2023,Rajshahi,811,0
02-01-2023,Comilla,828,0
02-01-2023,Mymensingh,769,0
02-01-2023,Sylhet,355,0
02-01-2023,Barisal,255,0
02-01-2023,Rangpur,642,0
03-01-2023,Dhaka,3397,0
03-01-2023,Chittagong,1010,0
03-01-2023,Khulna,1139,0
03-01-2023,Rajshahi,946,0
03-01-2023,Comilla,789,0
03-01-2023,Mymensingh,785,0
03-01-2023,Sylhet,349,0
03-01-2023,Barisal,265,0
03-01-2023,Rangpur,654,0
04-01-2023,Dhaka,3491,0
04-01-2023,Chittagong,940,0
04-01-2023,Khulna,1124,0
04-01-2023,Rajshahi,973,0
04-01-2023,Comilla,797,0
04-01-2023,Mymensingh,822,0
04-01-2023,Sylhet,342,0
04-01-2023,Barisal,273,0
04-01-2023,Rangpur,658,0
05-01-2023,Dhaka,3430,0
05-01-2023,Chittagong,976,0
05-01-2023,Khulna,1148,0
05-01-2023,Rajshahi,936,0
05-01-2023,Comilla,813,0
05-01-2023,Mymensingh,821,0
05-01-2023,Sylhet,343,0
05-01-2023,Barisal,262,0
05-01-2023,Rangpur,670,0
06-01-2023,Dhaka,2880,0
06-01-2023,Chittagong,907,0
06-01-2023,Khulna,1069,8730
06-01-2023,Rajshahi,873,0
06-01-2023,Comilla,773,0
06-01-2023,Mymensingh,774,0
06-01-2023,Sylhet,332,0
06-01-2023,Barisal,259,0
06-01-2023,Rangpur,620,0
07-01-2023,Dhaka,3349,0
07-01-2023,Chittagong,930,0
07-01-2023,Khulna,1155,0
07-01-2023,Rajshahi,910,0
07-01-2023,Comilla,838,0
07-01-2023,Mymensingh,818,0
07-01-2023,Sylhet,356,0
07-01-2023,Barisal,275,0
07-01-2023,Rangpur,638,0
08-01-2023,Dhaka,3325,134
08-01-2023,Chittagong,953,35
08-01-2023,Khulna,1169,47
08-01-2023,Rajshahi,956,17
08-01-2023,Comilla,825,0
08-01-2023,Mymensingh,822,101
08-01-2023,Sylhet,355,62
08-01-2023,Barisal,262,0
08-01-2023,Rangpur,672,84
09-01-2023,Dhaka,3352,401
09-01-2023,Chittagong,1018,90
09-01-2023,Khulna,1206,107
09-01-2023,Rajshahi,977,59
09-01-2023,Comilla,836,32
09-01-2023,Mymensingh,790,101
09-01-2023,Sylhet,359,62
09-01-2023,Barisal,269,0
09-01-2023,Rangpur,637,100
10-01-2023,Dhaka,3342,0
10-01-2023,Chittagong,977,0
10-01-2023,Khulna,1183,0
10-01-2023,Rajshahi,961,100
10-01-2023,Comilla,836,0
10-01-2023,Mymensingh,848,24
10-01-2023,Sylhet,357,0
10-01-2023,Barisal,273,0
10-01-2023,Rangpur,653,55
11-01-2023,Dhaka,3338,0
11-01-2023,Chittagong,912,0
11-01-2023,Khulna,1160,0
11-01-2023,Rajshahi,1003,0
11-01-2023,Comilla,843,0
11-01-2023,Mymensingh,844,0
11-01-2023,Sylhet,353,0
11-01-2023,Barisal,268,0
11-01-2023,Rangpur,652,0
12-01-2023,Dhaka,3262,120
12-01-2023,Chittagong,942,0
12-01-2023,Khulna,1173,12
12-01-2023,Rajshahi,971,0
12-01-2023,Comilla,838,0
12-01-2023,Mymensingh,870,155
12-01-2023,Sylhet,348,0
12-01-2023,Barisal,275,0
12-01-2023,Rangpur,628,112
13-01-2023,Dhaka,2849,0
13-01-2023,Chittagong,885,0
13-01-2023,Khulna,1100,0
13-01-2023,Rajshahi,918,0
13-01-2023,Comilla,740,0
13-01-2023,Mymensingh,826,0
13-01-2023,Sylhet,322,0
13-01-2023,Barisal,247,0
13-01-2023,Rangpur,621,0
14-01-2023,Dhaka,3296,53
14-01-2023,Chittagong,886,0
14-01-2023,Khulna,1168,43
14-01-2023,Rajshahi,990,37
14-01-2023,Comilla,723,38
14-01-2023,Mymensingh,856,39
14-01-2023,Sylhet,358,0
14-01-2023,Barisal,275,0
14-01-2023,Rangpur,645,24
15-01-2023,Dhaka,3073,0
15-01-2023,Chittagong,958,0
15-01-2023,Khulna,1205,136
15-01-2023,Rajshahi,998,107
15-01-2023,Comilla,839,0
15-01-2023,Mymensingh,864,87
15-01-2023,Sylhet,352,53
15-01-2023,Barisal,265,0
15-01-2023,Rangpur,676,113
16-01-2023,Dhaka,3322,314
16-01-2023,Chittagong,898,10
16-01-2023,Khulna,1157,237
16-01-2023,Rajshahi,999,138
16-01-2023,Comilla,806,0
16-01-2023,Mymensingh,878,62
16-01-2023,Sylhet,362,58
16-01-2023,Barisal,269,0
16-01-2023,Rangpur,703,133
17-01-2023,Dhaka,3343,102
17-01-2023,Chittagong,987,0
17-01-2023,Khulna,1195,171
17-01-2023,Rajshahi,1038,78
17-01-2023,Comilla,841,0
17-01-2023,Mymensingh,889,107
17-01-2023,Sylhet,361,0
17-01-2023,Barisal,272,0
17-01-2023,Rangpur,679,115
18-01-2023,Dhaka,3376,81
18-01-2023,Chittagong,942,0
18-01-2023,Khulna,1165,132
18-01-2023,Rajshahi,1036,134
18-01-2023,Comilla,822,0
18-01-2023,Mymensingh,963,90
18-01-2023,Sylhet,351,40
18-01-2023,Barisal,269,0
18-01-2023,Rangpur,692,107
19-01-2023,Dhaka,3440,41
19-01-2023,Chittagong,982,0
19-01-2023,Khulna,1191,40
19-01-2023,Rajshahi,966,180
19-01-2023,Comilla,799,0
19-01-2023,Mymensingh,868,150
19-01-2023,Sylhet,357,0
19-01-2023,Barisal,261,0
19-01-2023,Rangpur,704,0
20-01-2023,Dhaka,2892,0
20-01-2023,Chittagong,897,0
20-01-2023,Khulna,1087,0
20-01-2023,Rajshahi,962,0
20-01-2023,Comilla,810,0
20-01-2023,Mymensingh,895,49
20-01-2023,Sylhet,337,0
20-01-2023,Barisal,253,0
20-01-2023,Rangpur,653,0
21-01-2023,Dhaka,3232,0
21-01-2023,Chittagong,971,0
21-01-2023,Khulna,1125,0
21-01-2023,Rajshahi,1007,0
21-01-2023,Comilla,828,0
21-01-2023,Mymensingh,929,30
21-01-2023,Sylhet,359,0
21-01-2023,Barisal,276,0
21-01-2023,Rangpur,691,0
22-01-2023,Dhaka,3295,0
22-01-2023,Chittagong,984,0
22-01-2023,Khulna,1151,0
22-01-2023,Rajshahi,1005,101
22-01-2023,Comilla,844,0
22-01-2023,Mymensingh,929,150
22-01-2023,Sylhet,357,0
22-01-2023,Barisal,269,0
22-01-2023,Rangpur,694,50
23-01-2023,Dhaka,3444,0
23-01-2023,Chittagong,971,0
23-01-2023,Khulna,1112,0
23-01-2023,Rajshahi,1002,0
23-01-2023,Comilla,855,0
23-01-2023,Mymensingh,866,113
23-01-2023,Sylhet,347,0
23-01-2023,Barisal,277,0
23-01-2023,Rangpur,705,0
24-01-2023,Dhaka,3446,0
24-01-2023,Chittagong,1006,0
24-01-2023,Khulna,1135,0
24-01-2023,Rajshahi,1057,0
24-01-2023,Comilla,861,0
24-01-2023,Mymensingh,936,0
24-01-2023,Sylhet,360,0
24-01-2023,Barisal,284,0
24-01-2023,Rangpur,728,0
25-01-2023,Dhaka,3552,0
25-01-2023,Chittagong,948,0
25-01-2023,Khulna,1124,0
25-01-2023,Rajshahi,1023,0
25-01-2023,Comilla,830,0
25-01-2023,Mymensingh,937,0
25-01-2023,Sylhet,375,0
25-01-2023,Barisal,283,0
25-01-2023,Rangpur,725,0
26-01-2023,Dhaka,3665,22
26-01-2023,Chittagong,928,0
26-01-2023,Khulna,1142,0
26-01-2023,Rajshahi,1040,0
26-01-2023,Comilla,893,0
26-01-2023,Mymensingh,940,141
26-01-2023,Sylhet,362,0
26-01-2023,Barisal,273,0
26-01-2023,Rangpur,733,0
27-01-2023,Dhaka,3097,0
27-01-2023,Chittagong,874,0
27-01-2023,Khulna,1075,0
27-01-2023,Rajshahi,971,0
27-01-2023,Comilla,837,0
27-01-2023,Mymensingh,881,45
27-01-2023,Sylhet,325,0
27-01-2023,Barisal,265,0
27-01-2023,Rangpur,682,0
28-01-2023,Dhaka,3508,0
28-01-2023,Chittagong,960,0
28-01-2023,Khulna,1139,0
28-01-2023,Rajshahi,1037,0
28-01-2023,Comilla,876,0
28-01-2023,Mymensingh,917,90
28-01-2023,Sylhet,346,0
28-01-2023,Barisal,284,0
28-01-2023,Rangpur,706,0
29-01-2023,Dhaka,3633,0
29-01-2023,Chittagong,987,0
29-01-2023,Khulna,1168,0
29-01-2023,Rajshahi,1062,0
29-01-2023,Comilla,858,0
29-01-2023,Mymensingh,916,143
29-01-2023,Sylhet,363,0
29-01-2023,Barisal,270,0
29-01-2023,Rangpur,767,0
30-01-2023,Dhaka,3645,0
30-01-2023,Chittagong,995,0
30-01-2023,Khulna,1158,0
30-01-2023,Rajshahi,1052,0
30-01-2023,Comilla,854,0
30-01-2023,Mymensingh,922,153
30-01-2023,Sylhet,358,0
30-01-2023,Barisal,266,0
30-01-2023,Rangpur,774,0
31-01-2023,Dhaka,3648,30
31-01-2023,Chittagong,852,0
31-01-2023,Khulna,1140,0
31-01-2023,Rajshahi,1043,0
31-01-2023,Comilla,855,0
31-01-2023,Mymensingh,919,120
31-01-2023,Sylhet,367,0
31-01-2023,Barisal,270,0
31-01-2023,Rangpur,727,0
01-02-2023,Dhaka,3619,56
01-02-2023,Chittagong,1065,0
01-02-2023,Khulna,1150,0
01-02-2023,Rajshahi,1065,0
01-02-2023,Comilla,855,0
01-02-2023,Mymensingh,924,150
01-02-2023,Sylhet,358,14
01-02-2023,Barisal,275,0
01-02-2023,Rangpur,761,0
02-02-2023,Dhaka,3608,0
02-02-2023,Chittagong,990,0
02-02-2023,Khulna,1167,0
02-02-2023,Rajshahi,1063,0
02-02-2023,Comilla,879,0
02-02-2023,Mymensingh,934,188
02-02-2023,Sylhet,372,0
02-02-2023,Barisal,270,0
02-02-2023,Rangpur,771,0
03-02-2023,Dhaka,2988,0
03-02-2023,Chittagong,988,0
03-02-2023,Khulna,1094,0
03-02-2023,Rajshahi,995,0
03-02-2023,Comilla,806,0
03-02-2023,Mymensingh,913,62
03-02-2023,Sylhet,334,0
03-02-2023,Barisal,240,0
03-02-2023,Rangpur,707,0
04-02-2023,Dhaka,3524,0
04-02-2023,Chittagong,1018,0
04-02-2023,Khulna,1166,0
04-02-2023,Rajshahi,1061,0
04-02-2023,Comilla,865,0
04-02-2023,Mymensingh,960,173
04-02-2023,Sylhet,361,0
04-02-2023,Barisal,268,0
04-02-2023,Rangpur,713,0
05-02-2023,Dhaka,3636,0
05-02-2023,Chittagong,928,0
05-02-2023,Khulna,1176,0
05-02-2023,Rajshahi,1067,0
05-02-2023,Comilla,875,0
05-02-2023,Mymensingh,925,158
05-02-2023,Sylhet,348,0
05-02-2023,Barisal,265,0
05-02-2023,Rangpur,734,0
06-02-2023,Dhaka,3491,0
06-02-2023,Chittagong,1007,0
06-02-2023,Khulna,1132,0
06-02-2023,Rajshahi,1023,0
06-02-2023,Comilla,877,0
06-02-2023,Mymensingh,927,107
06-02-2023,Sylhet,364,0
06-02-2023,Barisal,278,0
06-02-2023,Rangpur,701,0
07-02-2023,Dhaka,3493,0
07-02-2023,Chittagong,988,0
07-02-2023,Khulna,1141,0
07-02-2023,Rajshahi,1079,0
07-02-2023,Comilla,843,0
07-02-2023,Mymensingh,947,35
07-02-2023,Sylhet,358,0
07-02-2023,Barisal,276,0
07-02-2023,Rangpur,711,0
08-02-2023,Dhaka,3627,10
08-02-2023,Chittagong,1017,0
08-02-2023,Khulna,1134,0
08-02-2023,Rajshahi,1049,0
08-02-2023,Comilla,907,0
08-02-2023,Mymensingh,954,45
08-02-2023,Sylhet,360,0
08-02-2023,Barisal,271,0
08-02-2023,Rangpur,703,0
09-02-2023,Dhaka,3662,30
09-02-2023,Chittagong,1048,0
09-02-2023,Khulna,1141,0
09-02-2023,Rajshahi,1035,0
09-02-2023,Comilla,918,0
09-02-2023,Mymensingh,973,105
09-02-2023,Sylhet,364,0
09-02-2023,Barisal,281,0
09-02-2023,Rangpur,692,0
10-02-2023,Dhaka,3073,0
10-02-2023,Chittagong,947,0
10-02-2023,Khulna,1112,0
10-02-2023,Rajshahi,1016,0
10-02-2023,Comilla,844,0
10-02-2023,Mymensingh,890,18
10-02-2023,Sylhet,344,0
10-02-2023,Barisal,269,0
10-02-2023,Rangpur,703,0
11-02-2023,Dhaka,3532,0
11-02-2023,Chittagong,1044,0
11-02-2023,Khulna,1130,0
11-02-2023,Rajshahi,1002,0
11-02-2023,Comilla,905,0
11-02-2023,Mymensingh,934,25
11-02-2023,Sylhet,352,0
11-02-2023,Barisal,274,0
11-02-2023,Rangpur,671,0
12-02-2023,Dhaka,3639,60
12-02-2023,Chittagong,1078,0
12-02-2023,Khulna,1162,0
12-02-2023,Rajshahi,1086,40
12-02-2023,Comilla,918,0
12-02-2023,Mymensingh,895,76
12-02-2023,Sylhet,345,0
12-02-2023,Barisal,289,0
12-02-2023,Rangpur,674,50
13-02-2023,Dhaka,3586,0
13-02-2023,Chittagong,1016,0
13-02-2023,Khulna,1145,0
13-02-2023,Rajshahi,1101,0
13-02-2023,Comilla,867,0
13-02-2023,Mymensingh,944,35
13-02-2023,Sylhet,347,0
13-02-2023,Barisal,278,0
13-02-2023,Rangpur,736,10
14-02-2023,Dhaka,3599,0
14-02-2023,Chittagong,1053,0
14-02-2023,Khulna,1161,0
14-02-2023,Rajshahi,1139,0
14-02-2023,Comilla,865,0
14-02-2023,Mymensingh,982,69
14-02-2023,Sylhet,364,0
14-02-2023,Barisal,272,0
14-02-2023,Rangpur,739,0
15-02-2023,Dhaka,3756,0
15-02-2023,Chittagong,1003,0
15-02-2023,Khulna,1188,0
15-02-2023,Rajshahi,1117,130
15-02-2023,Comilla,868,0
15-02-2023,Mymensingh,1002,210
15-02-2023,Sylhet,370,0
15-02-2023,Barisal,271,0
15-02-2023,Rangpur,743,130
16-02-2023,Dhaka,3614,0
16-02-2023,Chittagong,1018,0
16-02-2023,Khulna,1157,0
16-02-2023,Rajshahi,1092,0
16-02-2023,Comilla,885,0
16-02-2023,Mymensingh,989,40
16-02-2023,Sylhet,362,0
16-02-2023,Barisal,278,0
16-02-2023,Rangpur,724,0
17-02-2023,Dhaka,3131,0
17-02-2023,Chittagong,1004,0
17-02-2023,Khulna,1113,0
17-02-2023,Rajshahi,1037,0
17-02-2023,Comilla,821,0
17-02-2023,Mymensingh,925,22
17-02-2023,Sylhet,333,0
17-02-2023,Barisal,260,0
17-02-2023,Rangpur,724,0
18-02-2023,Dhaka,3655,0
18-02-2023,Chittagong,1058,0
18-02-2023,Khulna,1167,0
18-02-2023,Rajshahi,1088,0
18-02-2023,Comilla,850,0
18-02-2023,Mymensingh,937,0
18-02-2023,Sylhet,373,0
18-02-2023,Barisal,278,0
18-02-2023,Rangpur,717,0
19-02-2023,Dhaka,3871,0
19-02-2023,Chittagong,1055,0
19-02-2023,Khulna,1209,0
19-02-2023,Rajshahi,1136,0
19-02-2023,Comilla,925,0
19-02-2023,Mymensingh,971,75
19-02-2023,Sylhet,357,0
19-02-2023,Barisal,284,0
19-02-2023,Rangpur,736,0
20-02-2023,Dhaka,3788,0
20-02-2023,Chittagong,1038,0
20-02-2023,Khulna,1193,0
20-02-2023,Rajshahi,1099,0
20-02-2023,Comilla,868,0
20-02-2023,Mymensingh,956,56
20-02-2023,Sylhet,379,0
20-02-2023,Barisal,282,0
20-02-2023,Rangpur,695,0
21-02-2023,Dhaka,3208,0
21-02-2023,Chittagong,938,0
21-02-2023,Khulna,1231,0
21-02-2023,Rajshahi,1154,0
21-02-2023,Comilla,888,0
21-02-2023,Mymensingh,937,0
21-02-2023,Sylhet,373,0
21-02-2023,Barisal,276,0
21-02-2023,Rangpur,717,0
22-02-2023,Dhaka,4101,0
22-02-2023,Chittagong,1123,0
22-02-2023,Khulna,1230,0
22-02-2023,Rajshahi,1104,55
22-02-2023,Comilla,948,0
22-02-2023,Mymensingh,968,10
22-02-2023,Sylhet,355,0
22-02-2023,Barisal,298,0
22-02-2023,Rangpur,713,36
23-02-2023,Dhaka,4011,0
23-02-2023,Chittagong,1121,0
23-02-2023,Khulna,1276,0
23-02-2023,Rajshahi,1173,0
23-02-2023,Comilla,997,0
23-02-2023,Mymensingh,955,0
23-02-2023,Sylhet,381,0
23-02-2023,Barisal,299,0
23-02-2023,Rangpur,708,0
24-02-2023,Dhaka,3672,0
24-02-2023,Chittagong,1032,0
24-02-2023,Khulna,1241,0
24-02-2023,Rajshahi,1091,0
24-02-2023,Comilla,976,0
24-02-2023,Mymensingh,936,0
24-02-2023,Sylhet,365,0
24-02-2023,Barisal,291,0
24-02-2023,Rangpur,673,0
25-02-2023,Dhaka,4023,0
25-02-2023,Chittagong,1081,0
25-02-2023,Khulna,1320,0
25-02-2023,Rajshahi,1197,0
25-02-2023,Comilla,1008,0
25-02-2023,Mymensingh,977,75
25-02-2023,Sylhet,382,0
25-02-2023,Barisal,311,0
25-02-2023,Rangpur,767,0
26-02-2023,Dhaka,3977,0
26-02-2023,Chittagong,1073,0
26-02-2023,Khulna,1232,0
26-02-2023,Rajshahi,1195,0
26-02-2023,Comilla,947,0
26-02-2023,Mymensingh,953,0
26-02-2023,Sylhet,358,0
26-02-2023,Barisal,283,0
26-02-2023,Rangpur,711,0
27-02-2023,Dhaka,4213,0
27-02-2023,Chittagong,1110,0
27-02-2023,Khulna,1328,0
27-02-2023,Rajshahi,1221,0
27-02-2023,Comilla,955,0
27-02-2023,Mymensingh,1007,80
27-02-2023,Sylhet,382,0
27-02-2023,Barisal,294,0
27-02-2023,Rangpur,776,0
28-02-2023,Dhaka,4168,0
28-02-2023,Chittagong,1102,0
28-02-2023,Khulna,1303,0
28-02-2023,Rajshahi,1237,0
28-02-2023,Comilla,1001,0
28-02-2023,Mymensingh,936,20
28-02-2023,Sylhet,372,0
28-02-2023,Barisal,303,0
28-02-2023,Rangpur,754,0
01-03-2023,Dhaka,4249,0
01-03-2023,Chittagong,1192,0
01-03-2023,Khulna,1324,0
01-03-2023,Rajshahi,1247,0
01-03-2023,Comilla,1002,0
01-03-2023,Mymensingh,1020,65
01-03-2023,Sylhet,397,0
01-03-2023,Barisal,292,0
01-03-2023,Rangpur,776,0
02-03-2023,Dhaka,4293,0
02-03-2023,Chittagong,1092,0
02-03-2023,Khulna,1378,0
02-03-2023,Rajshahi,1240,0
02-03-2023,Comilla,1032,0
02-03-2023,Mymensingh,1004,43
02-03-2023,Sylhet,403,0
02-03-2023,Barisal,300,0
02-03-2023,Rangpur,773,0
03-03-2023,Dhaka,3674,0
03-03-2023,Chittagong,1102,0
03-03-2023,Khulna,1280,0
03-03-2023,Rajshahi,1195,0
03-03-2023,Comilla,981,0
03-03-2023,Mymensingh,965,0
03-03-2023,Sylhet,385,0
03-03-2023,Barisal,288,0
03-03-2023,Rangpur,735,0
04-03-2023,Dhaka,4269,0
04-03-2023,Chittagong,1112,0
04-03-2023,Khulna,1376,0
04-03-2023,Rajshahi,1276,0
04-03-2023,Comilla,1067,0
04-03-2023,Mymensingh,1055,178
04-03-2023,Sylhet,419,0
04-03-2023,Barisal,318,0
04-03-2023,Rangpur,812,0
05-03-2023,Dhaka,4381,29
05-03-2023,Chittagong,1074,0
05-03-2023,Khulna,1466,0
05-03-2023,Rajshahi,1253,78
05-03-2023,Comilla,1112,0
05-03-2023,Mymensingh,1074,120
05-03-2023,Sylhet,428,9
05-03-2023,Barisal,303,0
05-03-2023,Rangpur,778,0
06-03-2023,Dhaka,4552,0
06-03-2023,Chittagong,1139,0
06-03-2023,Khulna,1386,0
06-03-2023,Rajshahi,1299,0
06-03-2023,Comilla,1076,0
06-03-2023,Mymensingh,1068,52
06-03-2023,Sylhet,443,0
06-03-2023,Barisal,304,0
06-03-2023,Rangpur,795,0
07-03-2023,Dhaka,3868,0
07-03-2023,Chittagong,1052,0
07-03-2023,Khulna,1375,0
07-03-2023,Rajshahi,1228,0
07-03-2023,Comilla,1064,0
07-03-2023,Mymensingh,1066,60
07-03-2023,Sylhet,416,0
07-03-2023,Barisal,310,0
07-03-2023,Rangpur,769,0
08-03-2023,Dhaka,3524,0
08-03-2023,Chittagong,999,0
08-03-2023,Khulna,1289,0
08-03-2023,Rajshahi,1246,0
08-03-2023,Comilla,1002,0
08-03-2023,Mymensingh,991,18
08-03-2023,Sylhet,402,0
08-03-2023,Barisal,290,0
08-03-2023,Rangpur,728,0
09-03-2023,Dhaka,4375,0
09-03-2023,Chittagong,1142,0
09-03-2023,Khulna,1387,0
09-03-2023,Rajshahi,1308,0
09-03-2023,Comilla,1047,0
09-03-2023,Mymensingh,1098,155
09-03-2023,Sylhet,440,0
09-03-2023,Barisal,302,0
09-03-2023,Rangpur,829,0
10-03-2023,Dhaka,3788,0
10-03-2023,Chittagong,1096,0
10-03-2023,Khulna,1261,0
10-03-2023,Rajshahi,1179,0
10-03-2023,Comilla,993,0
10-03-2023,Mymensingh,1033,30
10-03-2023,Sylhet,395,0
10-03-2023,Barisal,280,0
10-03-2023,Rangpur,776,0
11-03-2023,Dhaka,4353,0
11-03-2023,Chittagong,1169,0
11-03-2023,Khulna,1341,0
11-03-2023,Rajshahi,1267,0
11-03-2023,Comilla,1086,0
11-03-2023,Mymensingh,1026,45
11-03-2023,Sylhet,446,0
11-03-2023,Barisal,341,0
11-03-2023,Rangpur,845,0
12-03-2023,Dhaka,4618,0
12-03-2023,Chittagong,1208,0
12-03-2023,Khulna,1416,0
12-03-2023,Rajshahi,1351,0
12-03-2023,Comilla,1133,0
12-03-2023,Mymensingh,1090,75
12-03-2023,Sylhet,463,0
12-03-2023,Barisal,333,0
12-03-2023,Rangpur,847,0
13-03-2023,Dhaka,4580,10
13-03-2023,Chittagong,1175,0
13-03-2023,Khulna,1465,0
13-03-2023,Rajshahi,1376,0
13-03-2023,Comilla,1160,0
13-03-2023,Mymensingh,1127,105
13-03-2023,Sylhet,485,0
13-03-2023,Barisal,330,0
13-03-2023,Rangpur,910,0
14-03-2023,Dhaka,4633,0
14-03-2023,Chittagong,1179,0
14-03-2023,Khulna,1444,0
14-03-2023,Rajshahi,1420,0
14-03-2023,Comilla,1145,0
14-03-2023,Mymensingh,1010,0
14-03-2023,Sylhet,433,0
14-03-2023,Barisal,325,0
14-03-2023,Rangpur,844,0
15-03-2023,Dhaka,4647,0
15-03-2023,Chittagong,1222,0
15-03-2023,Khulna,1456,0
15-03-2023,Rajshahi,1394,0
15-03-2023,Comilla,1049,0
15-03-2023,Mymensingh,1056,40
15-03-2023,Sylhet,405,0
15-03-2023,Barisal,327,0
15-03-2023,Rangpur,678,0
16-03-2023,Dhaka,4710,0
16-03-2023,Chittagong,1304,0
16-03-2023,Khulna,1460,0
16-03-2023,Rajshahi,1281,0
16-03-2023,Comilla,1097,0
16-03-2023,Mymensingh,1054,32
16-03-2023,Sylhet,430,0
16-03-2023,Barisal,344,0
16-03-2023,Rangpur,824,0
17-03-2023,Dhaka,3564,0
17-03-2023,Chittagong,1149,0
17-03-2023,Khulna,1158,0
17-03-2023,Rajshahi,931,0
17-03-2023,Comilla,994,0
17-03-2023,Mymensingh,634,0
17-03-2023,Sylhet,354,0
17-03-2023,Barisal,302,0
17-03-2023,Rangpur,645,0
18-03-2023,Dhaka,4371,11
18-03-2023,Chittagong,1193,0
18-03-2023,Khulna,1366,0
18-03-2023,Rajshahi,1257,0
18-03-2023,Comilla,1118,0
18-03-2023,Mymensingh,1026,46
18-03-2023,Sylhet,434,0
18-03-2023,Barisal,303,0
18-03-2023,Rangpur,876,0
19-03-2023,Dhaka,3433,0
19-03-2023,Chittagong,1163,0
19-03-2023,Khulna,969,0
19-03-2023,Rajshahi,1024,0
19-03-2023,Comilla,653,0
19-03-2023,Mymensingh,769,0
19-03-2023,Sylhet,350,0
19-03-2023,Barisal,166,0
19-03-2023,Rangpur,704,0
20-03-2023,Dhaka,4053,0
20-03-2023,Chittagong,1025,0
20-03-2023,Khulna,1121,0
20-03-2023,Rajshahi,986,0
20-03-2023,Comilla,904,0
20-03-2023,Mymensingh,600,0
20-03-2023,Sylhet,334,0
20-03-2023,Barisal,280,0
20-03-2023,Rangpur,651,0
21-03-2023,Dhaka,4020,0
21-03-2023,Chittagong,1035,0
21-03-2023,Khulna,1155,0
21-03-2023,Rajshahi,1016,0
21-03-2023,Comilla,659,0
21-03-2023,Mymensingh,832,0
21-03-2023,Sylhet,368,0
21-03-2023,Barisal,239,0
21-03-2023,Rangpur,654,0
22-03-2023,Dhaka,4282,0
22-03-2023,Chittagong,1031,0
22-03-2023,Khulna,1311,0
22-03-2023,Rajshahi,1081,0
22-03-2023,Comilla,915,0
22-03-2023,Mymensingh,872,0
22-03-2023,Sylhet,380,0
22-03-2023,Barisal,288,0
22-03-2023,Rangpur,690,0
23-03-2023,Dhaka,4291,0
23-03-2023,Chittagong,1133,0
23-03-2023,Khulna,1412,0
23-03-2023,Rajshahi,1158,0
23-03-2023,Comilla,907,0
23-03-2023,Mymensingh,947,0
23-03-2023,Sylhet,374,0
23-03-2023,Barisal,313,0
23-03-2023,Rangpur,773,0
24-03-2023,Dhaka,3687,0
24-03-2023,Chittagong,1109,0
24-03-2023,Khulna,1410,0
24-03-2023,Rajshahi,1116,0
24-03-2023,Comilla,886,0
24-03-2023,Mymensingh,903,0
24-03-2023,Sylhet,383,0
24-03-2023,Barisal,332,0
24-03-2023,Rangpur,651,0
25-03-2023,Dhaka,3873,0
25-03-2023,Chittagong,1200,0
25-03-2023,Khulna,1234,0
25-03-2023,Rajshahi,1189,0
25-03-2023,Comilla,1010,0
25-03-2023,Mymensingh,930,0
25-03-2023,Sylhet,389,0
25-03-2023,Barisal,299,0
25-03-2023,Rangpur,715,0
26-03-2023,Dhaka,3675,0
26-03-2023,Chittagong,1083,0
26-03-2023,Khulna,994,0
26-03-2023,Rajshahi,1329,0
26-03-2023,Comilla,782,0
26-03-2023,Mymensingh,997,0
26-03-2023,Sylhet,392,0
26-03-2023,Barisal,260,0
26-03-2023,Rangpur,734,0
27-03-2023,Dhaka,4156,0
27-03-2023,Chittagong,1227,0
27-03-2023,Khulna,1377,0
27-03-2023,Rajshahi,1322,0
27-03-2023,Comilla,973,0
27-03-2023,Mymensingh,1043,42
27-03-2023,Sylhet,429,0
27-03-2023,Barisal,300,0
27-03-2023,Rangpur,793,0
28-03-2023,Dhaka,4338,0
28-03-2023,Chittagong,1305,0
28-03-2023,Khulna,1479,0
28-03-2023,Rajshahi,1384,0
28-03-2023,Comilla,1025,20
28-03-2023,Mymensingh,1110,75
28-03-2023,Sylhet,449,0
28-03-2023,Barisal,363,0
28-03-2023,Rangpur,767,0
29-03-2023,Dhaka,3952,0
29-03-2023,Chittagong,1153,0
29-03-2023,Khulna,1132,0
29-03-2023,Rajshahi,1333,0
29-03-2023,Comilla,932,0
29-03-2023,Mymensingh,918,0
29-03-2023,Sylhet,359,0
29-03-2023,Barisal,286,0
29-03-2023,Rangpur,730,0
30-03-2023,Dhaka,4171,0
30-03-2023,Chittagong,1234,0
30-03-2023,Khulna,1541,0
30-03-2023,Rajshahi,1239,0
30-03-2023,Comilla,1057,0
30-03-2023,Mymensingh,936,25
30-03-2023,Sylhet,420,0
30-03-2023,Barisal,337,0
30-03-2023,Rangpur,780,0
31-03-2023,Dhaka,3685,0
31-03-2023,Chittagong,1142,0
31-03-2023,Khulna,1294,0
31-03-2023,Rajshahi,1005,0
31-03-2023,Comilla,1048,0
31-03-2023,Mymensingh,801,0
31-03-2023,Sylhet,410,0
31-03-2023,Barisal,331,0
31-03-2023,Rangpur,675,0
01-04-2023,Dhaka,3898,0
01-04-2023,Chittagong,968,0
01-04-2023,Khulna,1194,0
01-04-2023,Rajshahi,1072,0
01-04-2023,Comilla,923,0
01-04-2023,Mymensingh,809,0
01-04-2023,Sylhet,379,0
01-04-2023,Barisal,300,0
01-04-2023,Rangpur,577,0
02-04-2023,Dhaka,4076,0
02-04-2023,Chittagong,1157,0
02-04-2023,Khulna,1381,0
02-04-2023,Rajshahi,1121,0
02-04-2023,Comilla,997,877
02-04-2023,Mymensingh,877,0
02-04-2023,Sylhet,336,0
02-04-2023,Barisal,336,0
02-04-2023,Rangpur,643,0
03-04-2023,Dhaka,4312,0
03-04-2023,Chittagong,1163,0
03-04-2023,Khulna,1507,0
03-04-2023,Rajshahi,1292,0
03-04-2023,Comilla,1069,0
03-04-2023,Mymensingh,964,0
03-04-2023,Sylhet,391,0
03-04-2023,Barisal,367,0
03-04-2023,Rangpur,699,0
04-04-2023,Dhaka,4614,0
04-04-2023,Chittagong,1295,0
04-04-2023,Khulna,1688,0
04-04-2023,Rajshahi,1407,0
04-04-2023,Comilla,1245,0
04-04-2023,Mymensingh,1088,0
04-04-2023,Sylhet,409,0
04-04-2023,Barisal,402,0
04-04-2023,Rangpur,742,0
05-04-2023,Dhaka,4741,0
05-04-2023,Chittagong,1216,0
05-04-2023,Khulna,1660,0
05-04-2023,Rajshahi,1438,0
05-04-2023,Comilla,1164,0
05-04-2023,Mymensingh,1055,0
05-04-2023,Sylhet,383,0
05-04-2023,Barisal,423,0
05-04-2023,Rangpur,738,0
06-04-2023,Dhaka,4614,0
06-04-2023,Chittagong,1248,0
06-04-2023,Khulna,1606,0
06-04-2023,Rajshahi,1387,0
06-04-2023,Comilla,1162,0
06-04-2023,Mymensingh,1045,17
06-04-2023,Sylhet,459,0
06-04-2023,Barisal,421,0
06-04-2023,Rangpur,751,0
07-04-2023,Dhaka,4259,0
07-04-2023,Chittagong,1188,0
07-04-2023,Khulna,1591,0
07-04-2023,Rajshahi,1419,0
07-04-2023,Comilla,1185,0
07-04-2023,Mymensingh,1098,43
07-04-2023,Sylhet,481,0
07-04-2023,Barisal,412,0
07-04-2023,Rangpur,756,0
08-04-2023,Dhaka,4746,0
08-04-2023,Chittagong,1269,0
08-04-2023,Khulna,1711,0
08-04-2023,Rajshahi,1521,0
08-04-2023,Comilla,1311,0
08-04-2023,Mymensingh,1048,74
08-04-2023,Sylhet,500,0
08-04-2023,Barisal,421,0
08-04-2023,Rangpur,849,0
09-04-2023,Dhaka,4879,0
09-04-2023,Chittagong,1295,0
09-04-2023,Khulna,1740,0
09-04-2023,Rajshahi,1549,0
09-04-2023,Comilla,1373,35
09-04-2023,Mymensingh,1156,70
09-04-2023,Sylhet,507,30
09-04-2023,Barisal,428,0
09-04-2023,Rangpur,836,0
10-04-2023,Dhaka,4905,0
10-04-2023,Chittagong,1314,0
10-04-2023,Khulna,1799,0
10-04-2023,Rajshahi,1571,0
10-04-2023,Comilla,1411,15
10-04-2023,Mymensingh,1224,158
10-04-2023,Sylhet,527,28
10-04-2023,Barisal,467,0
10-04-2023,Rangpur,857,0
11-04-2023,Dhaka,4994,0
11-04-2023,Chittagong,1399,0
11-04-2023,Khulna,1826,0
11-04-2023,Rajshahi,1592,0
11-04-2023,Comilla,1497,0
11-04-2023,Mymensingh,1160,88
11-04-2023,Sylhet,555,0
11-04-2023,Barisal,480,0
11-04-2023,Rangpur,863,0
12-04-2023,Dhaka,5144,42
12-04-2023,Chittagong,1482,0
12-04-2023,Khulna,1784,0
12-04-2023,Rajshahi,1644,0
12-04-2023,Comilla,1420,40
12-04-2023,Mymensingh,1206,123
12-04-2023,Sylhet,583,0
12-04-2023,Barisal,467,0
12-04-2023,Rangpur,893,0
13-04-2023,Dhaka,5281,0
13-04-2023,Chittagong,1383,0
13-04-2023,Khulna,1851,0
13-04-2023,Rajshahi,1605,35
13-04-2023,Comilla,1487,50
13-04-2023,Mymensingh,1264,206
13-04-2023,Sylhet,567,15
13-04-2023,Barisal,487,0
13-04-2023,Rangpur,939,0
14-04-2023,Dhaka,4809,0
14-04-2023,Chittagong,1448,0
14-04-2023,Khulna,1825,0
14-04-2023,Rajshahi,1645,0
14-04-2023,Comilla,1539,30
14-04-2023,Mymensingh,1177,100
14-04-2023,Sylhet,584,15
14-04-2023,Barisal,489,0
14-04-2023,Rangpur,945,40
15-04-2023,Dhaka,5220,60
15-04-2023,Chittagong,1287,80
15-04-2023,Khulna,1658,170
15-04-2023,Rajshahi,1507,120
15-04-2023,Comilla,1398,120
15-04-2023,Mymensingh,1250,195
15-04-2023,Sylhet,549,80
15-04-2023,Barisal,470,35
15-04-2023,Rangpur,900,90
16-04-2023,Dhaka,5382,10
16-04-2023,Chittagong,1506,0
16-04-2023,Khulna,1842,350
16-04-2023,Rajshahi,1605,210
16-04-2023,Comilla,1518,240
16-04-2023,Mymensingh,1274,249
16-04-2023,Sylhet,600,100
16-04-2023,Barisal,534,0
16-04-2023,Rangpur,1012,132
17-04-2023,Dhaka,5312,75
17-04-2023,Chittagong,1431,0
17-04-2023,Khulna,2015,10
17-04-2023,Rajshahi,1738,0
17-04-2023,Comilla,1576,64
17-04-2023,Mymensingh,1257,275
17-04-2023,Sylhet,626,15
17-04-2023,Barisal,512,0
17-04-2023,Rangpur,1033,150
18-04-2023,Dhaka,5266,0
18-04-2023,Chittagong,1429,0
18-04-2023,Khulna,1986,0
18-04-2023,Rajshahi,1803,25
18-04-2023,Comilla,1568,27
18-04-2023,Mymensingh,1231,200
18-04-2023,Sylhet,599,80
18-04-2023,Barisal,489,0
18-04-2023,Rangpur,1015,150
19-04-2023,Dhaka,5107,0
19-04-2023,Chittagong,1434,0
19-04-2023,Khulna,2028,10
19-04-2023,Rajshahi,1763,0
19-04-2023,Comilla,1567,120
19-04-2023,Mymensingh,1279,198
19-04-2023,Sylhet,640,40
19-04-2023,Barisal,505,0
19-04-2023,Rangpur,1047,60
20-04-2023,Dhaka,4310,0
20-04-2023,Chittagong,1360,0
20-04-2023,Khulna,1889,0
20-04-2023,Rajshahi,1797,71
20-04-2023,Comilla,1548,0
20-04-2023,Mymensingh,1003,0
20-04-2023,Sylhet,556,0
20-04-2023,Barisal,498,0
20-04-2023,Rangpur,1000,25
21-04-2023,Dhaka,2215,0
21-04-2023,Chittagong,1002,0
21-04-2023,Khulna,1528,0
21-04-2023,Rajshahi,1511,0
21-04-2023,Comilla,542,0
21-04-2023,Mymensingh,1045,0
21-04-2023,Sylhet,275,0
21-04-2023,Barisal,453,0
21-04-2023,Rangpur,844,0
22-04-2023,Dhaka,3011,0
22-04-2023,Chittagong,974,0
22-04-2023,Khulna,1582,0
22-04-2023,Rajshahi,1469,0
22-04-2023,Comilla,1280,0
22-04-2023,Mymensingh,1117,21
22-04-2023,Sylhet,462,0
22-04-2023,Barisal,440,0
22-04-2023,Rangpur,815,0
23-04-2023,Dhaka,2433,0
23-04-2023,Chittagong,877,0
23-04-2023,Khulna,1274,0
23-04-2023,Rajshahi,1211,0
23-04-2023,Comilla,1052,0
23-04-2023,Mymensingh,868,0
23-04-2023,Sylhet,312,0
23-04-2023,Barisal,342,0
23-04-2023,Rangpur,637,0
24-04-2023,Dhaka,2662,0
24-04-2023,Chittagong,1117,0
24-04-2023,Khulna,1180,0
24-04-2023,Rajshahi,991,0
24-04-2023,Comilla,1188,0
24-04-2023,Mymensingh,998,0
24-04-2023,Sylhet,462,0
24-04-2023,Barisal,382,0
24-04-2023,Rangpur,745,0
25-04-2023,Dhaka,3041,0
25-04-2023,Chittagong,1199,0
25-04-2023,Khulna,1518,0
25-04-2023,Rajshahi,1428,0
25-04-2023,Comilla,1267,0
25-04-2023,Mymensingh,1101,20
25-04-2023,Sylhet,509,0
25-04-2023,Barisal,405,0
25-04-2023,Rangpur,812,0
26-04-2023,Dhaka,3460,0
26-04-2023,Chittagong,1176,0
26-04-2023,Khulna,1455,0
26-04-2023,Rajshahi,1196,0
26-04-2023,Comilla,1345,0
26-04-2023,Mymensingh,1112,0
26-04-2023,Sylhet,536,0
26-04-2023,Barisal,410,0
26-04-2023,Rangpur,852,0
27-04-2023,Dhaka,2434,0
27-04-2023,Chittagong,1165,0
27-04-2023,Khulna,466,0
27-04-2023,Rajshahi,1105,0
27-04-2023,Comilla,196,0
27-04-2023,Mymensingh,898,0
27-04-2023,Sylhet,200,0
27-04-2023,Barisal,140,0
27-04-2023,Rangpur,884,0
28-04-2023,Dhaka,3594,0
28-04-2023,Chittagong,1251,0
28-04-2023,Khulna,1317,0
28-04-2023,Rajshahi,1393,0
28-04-2023,Comilla,1232,25
28-04-2023,Mymensingh,1159,65
28-04-2023,Sylhet,503,0
28-04-2023,Barisal,266,0
28-04-2023,Rangpur,840,0
29-04-2023,Dhaka,3058,0
29-04-2023,Chittagong,1275,0
29-04-2023,Khulna,978,0
29-04-2023,Rajshahi,967,0
29-04-2023,Comilla,1050,0
29-04-2023,Mymensingh,356,0
29-04-2023,Sylhet,127,0
29-04-2023,Barisal,347,0
29-04-2023,Rangpur,759,0
30-04-2023,Dhaka,4281,0
30-04-2023,Chittagong,1308,0
30-04-2023,Khulna,1110,0
30-04-2023,Rajshahi,547,0
30-04-2023,Comilla,1310,20
30-04-2023,Mymensingh,1033,55
30-04-2023,Sylhet,528,10
30-04-2023,Barisal,413,0
30-04-2023,Rangpur,753,0
01-05-2023,Dhaka,3605,0
01-05-2023,Chittagong,1190,0
01-05-2023,Khulna,1179,0
01-05-2023,Rajshahi,1067,0
01-05-2023,Comilla,1218,0
01-05-2023,Mymensingh,1000,0
01-05-2023,Sylhet,510,0
01-05-2023,Barisal,366,0
01-05-2023,Rangpur,726,0
02-05-2023,Dhaka,4414,25
02-05-2023,Chittagong,1407,0
02-05-2023,Khulna,1543,0
02-05-2023,Rajshahi,1347,0
02-05-2023,Comilla,1355,30
02-05-2023,Mymensingh,1142,120
02-05-2023,Sylhet,588,22
02-05-2023,Barisal,424,0
02-05-2023,Rangpur,756,0
03-05-2023,Dhaka,4265,0
03-05-2023,Chittagong,1297,0
03-05-2023,Khulna,1311,0
03-05-2023,Rajshahi,1299,0
03-05-2023,Comilla,1018,0
03-05-2023,Mymensingh,1078,45
03-05-2023,Sylhet,463,0
03-05-2023,Barisal,313,0
03-05-2023,Rangpur,861,0
04-05-2023,Dhaka,4579,0
04-05-2023,Chittagong,1325,0
04-05-2023,Khulna,1450,0
04-05-2023,Rajshahi,1024,0
04-05-2023,Comilla,1212,0
04-05-2023,Mymensingh,842,0
04-05-2023,Sylhet,475,0
04-05-2023,Barisal,363,0
04-05-2023,Rangpur,711,0
05-05-2023,Dhaka,4301,0
05-05-2023,Chittagong,1340,0
05-05-2023,Khulna,1557,0
05-05-2023,Rajshahi,1315,0
05-05-2023,Comilla,1204,0
05-05-2023,Mymensingh,1072,0
05-05-2023,Sylhet,522,0
05-05-2023,Barisal,369,0
05-05-2023,Rangpur,817,0
06-05-2023,Dhaka,4834,15
06-05-2023,Chittagong,1367,0
06-05-2023,Khulna,1673,0
06-05-2023,Rajshahi,1395,0
06-05-2023,Comilla,1392,0
06-05-2023,Mymensingh,1104,48
06-05-2023,Sylhet,537,0
06-05-2023,Barisal,389,0
06-05-2023,Rangpur,866,0
07-05-2023,Dhaka,5055,0
07-05-2023,Chittagong,1405,0
07-05-2023,Khulna,1767,70
07-05-2023,Rajshahi,1469,0
07-05-2023,Comilla,1377,130
07-05-2023,Mymensingh,1105,200
07-05-2023,Sylhet,572,0
07-05-2023,Barisal,439,0
07-05-2023,Rangpur,902,50
08-05-2023,Dhaka,5303,134
08-05-2023,Chittagong,1393,0
08-05-2023,Khulna,1790,251
08-05-2023,Rajshahi,1502,204
08-05-2023,Comilla,1474,213
08-05-2023,Mymensingh,1198,284
08-05-2023,Sylhet,589,103
08-05-2023,Barisal,423,32
08-05-2023,Rangpur,978,135
09-05-2023,Dhaka,5232,172
09-05-2023,Chittagong,1448,200
09-05-2023,Khulna,1783,292
09-05-2023,Rajshahi,1520,150
09-05-2023,Comilla,1468,221
09-05-2023,Mymensingh,1165,258
09-05-2023,Sylhet,625,93
09-05-2023,Barisal,478,0
09-05-2023,Rangpur,953,92
10-05-2023,Dhaka,5064,23
10-05-2023,Chittagong,1384,64
10-05-2023,Khulna,1712,0
10-05-2023,Rajshahi,1502,30
10-05-2023,Comilla,1457,168
10-05-2023,Mymensingh,901,109
10-05-2023,Sylhet,358,0
10-05-2023,Barisal,493,0
10-05-2023,Rangpur,934,50
11-05-2023,Dhaka,5136,60
11-05-2023,Chittagong,1383,134
11-05-2023,Khulna,1879,221
11-05-2023,Rajshahi,1355,98
11-05-2023,Comilla,1454,250
11-05-2023,Mymensingh,657,0
11-05-2023,Sylhet,387,0
11-05-2023,Barisal,477,0
11-05-2023,Rangpur,879,0
12-05-2023,Dhaka,4720,0
12-05-2023,Chittagong,1296,0
12-05-2023,Khulna,1675,70
12-05-2023,Rajshahi,1422,0
12-05-2023,Comilla,1423,147
12-05-2023,Mymensingh,1055,85
12-05-2023,Sylhet,548,10
12-05-2023,Barisal,450,0
12-05-2023,Rangpur,895,0
13-05-2023,Dhaka,5141,850
13-05-2023,Chittagong,990,51
13-05-2023,Khulna,1762,64
13-05-2023,Rajshahi,1389,190
13-05-2023,Comilla,1311,300
13-05-2023,Mymensingh,1122,190
13-05-2023,Sylhet,568,119
13-05-2023,Barisal,430,0
13-05-2023,Rangpur,918,195
14-05-2023,Dhaka,4594,710
14-05-2023,Chittagong,737,0
14-05-2023,Khulna,1515,0
14-05-2023,Rajshahi,1489,356
14-05-2023,Comilla,1111,119
14-05-2023,Mymensingh,968,173
14-05-2023,Sylhet,415,0
14-05-2023,Barisal,332,0
14-05-2023,Rangpur,934,272
15-05-2023,Dhaka,5142,631
15-05-2023,Chittagong,1123,142
15-05-2023,Khulna,759,0
15-05-2023,Rajshahi,1484,251
15-05-2023,Comilla,1381,418
15-05-2023,Mymensingh,1155,225
15-05-2023,Sylhet,546,102
15-05-2023,Barisal,415,0
15-05-2023,Rangpur,945,226
16-05-2023,Dhaka,4962,253
16-05-2023,Chittagong,1157,91
16-05-2023,Khulna,672,0
16-05-2023,Rajshahi,665,0
16-05-2023,Comilla,1315,301
16-05-2023,Mymensingh,1081,232
16-05-2023,Sylhet,344,0
16-05-2023,Barisal,388,0
16-05-2023,Rangpur,858,0
17-05-2023,Dhaka,4429,0
17-05-2023,Chittagong,1119,0
17-05-2023,Khulna,964,0
17-05-2023,Rajshahi,1296,0
17-05-2023,Comilla,1052,0
17-05-2023,Mymensingh,905,0
17-05-2023,Sylhet,455,0
17-05-2023,Barisal,362,0
17-05-2023,Rangpur,788,0
18-05-2023,Dhaka,4519,0
18-05-2023,Chittagong,1034,0
18-05-2023,Khulna,953,0
18-05-2023,Rajshahi,1238,0
18-05-2023,Comilla,1046,0
18-05-2023,Mymensingh,938,0
18-05-2023,Sylhet,444,0
18-05-2023,Barisal,335,0
18-05-2023,Rangpur,765,0
19-05-2023,Dhaka,4354,0
19-05-2023,Chittagong,1235,0
19-05-2023,Khulna,1554,0
19-05-2023,Rajshahi,1295,0
19-05-2023,Comilla,1289,0
19-05-2023,Mymensingh,966,0
19-05-2023,Sylhet,409,0
19-05-2023,Barisal,424,0
19-05-2023,Rangpur,705,0
20-05-2023,Dhaka,4951,90
20-05-2023,Chittagong,1392,0
20-05-2023,Khulna,1683,0
20-05-2023,Rajshahi,1427,0
20-05-2023,Comilla,1341,240
20-05-2023,Mymensingh,1055,140
20-05-2023,Sylhet,507,0
20-05-2023,Barisal,437,0
20-05-2023,Rangpur,861,126
21-05-2023,Dhaka,5192,0
21-05-2023,Chittagong,1467,140
21-05-2023,Khulna,1726,25
21-05-2023,Rajshahi,888,0
21-05-2023,Comilla,1248,145
21-05-2023,Mymensingh,432,0
21-05-2023,Sylhet,308,0
21-05-2023,Barisal,424,40
21-05-2023,Rangpur,795,0
22-05-2023,Dhaka,4837,0
22-05-2023,Chittagong,1404,55
22-05-2023,Khulna,1773,25
22-05-2023,Rajshahi,1370,0
22-05-2023,Comilla,1405,160
22-05-2023,Mymensingh,1065,35
22-05-2023,Sylhet,501,0
22-05-2023,Barisal,466,25
22-05-2023,Rangpur,855,0
23-05-2023,Dhaka,3514,0
23-05-2023,Chittagong,1208,0
23-05-2023,Khulna,567,0
23-05-2023,Rajshahi,687,0
23-05-2023,Comilla,783,0
23-05-2023,Mymensingh,508,0
23-05-2023,Sylhet,411,0
23-05-2023,Barisal,107,0
23-05-2023,Rangpur,383,0
24-05-2023,Dhaka,4718,0
24-05-2023,Chittagong,1065,0
24-05-2023,Khulna,1418,0
24-05-2023,Rajshahi,1269,0
24-05-2023,Comilla,1002,0
24-05-2023,Mymensingh,936,52
24-05-2023,Sylhet,511,0
24-05-2023,Barisal,308,0
24-05-2023,Rangpur,871,0
25-05-2023,Dhaka,4667,0
25-05-2023,Chittagong,1305,0
25-05-2023,Khulna,1365,0
25-05-2023,Rajshahi,1393,0
25-05-2023,Comilla,1300,0
25-05-2023,Mymensingh,1063,53
25-05-2023,Sylhet,557,0
25-05-2023,Barisal,394,0
25-05-2023,Rangpur,870,0
26-05-2023,Dhaka,4374,0
26-05-2023,Chittagong,1307,0
26-05-2023,Khulna,994,0
26-05-2023,Rajshahi,1242,0
26-05-2023,Comilla,1295,0
26-05-2023,Mymensingh,1066,50
26-05-2023,Sylhet,524,0
26-05-2023,Barisal,409,0
26-05-2023,Rangpur,845,0
27-05-2023,Dhaka,4404,0
27-05-2023,Chittagong,1351,0
27-05-2023,Khulna,1495,0
27-05-2023,Rajshahi,1273,0
27-05-2023,Comilla,1114,0
27-05-2023,Mymensingh,985,0
27-05-2023,Sylhet,495,0
27-05-2023,Barisal,360,0
27-05-2023,Rangpur,817,0
28-05-2023,Dhaka,4755,18
28-05-2023,Chittagong,1433,0
28-05-2023,Khulna,1665,0
28-05-2023,Rajshahi,1392,25
28-05-2023,Comilla,1361,10
28-05-2023,Mymensingh,1104,25
28-05-2023,Sylhet,570,0
28-05-2023,Barisal,426,0
28-05-2023,Rangpur,871,0
29-05-2023,Dhaka,4993,60
29-05-2023,Chittagong,1473,0
29-05-2023,Khulna,1779,178
29-05-2023,Rajshahi,1460,138
29-05-2023,Comilla,1403,15
29-05-2023,Mymensingh,1085,85
29-05-2023,Sylhet,603,10
29-05-2023,Barisal,442,0
29-05-2023,Rangpur,965,100
30-05-2023,Dhaka,5158,53
30-05-2023,Chittagong,1472,45
30-05-2023,Khulna,1743,73
30-05-2023,Rajshahi,1443,65
30-05-2023,Comilla,1378,95
30-05-2023,Mymensingh,1150,63
30-05-2023,Sylhet,614,0
30-05-2023,Barisal,448,43
30-05-2023,Rangpur,910,30
31-05-2023,Dhaka,5320,270
31-05-2023,Chittagong,1313,124
31-05-2023,Khulna,1873,160
31-05-2023,Rajshahi,1519,0
31-05-2023,Comilla,1432,190
31-05-2023,Mymensingh,1189,181
31-05-2023,Sylhet,645,137
31-05-2023,Barisal,482,43
31-05-2023,Rangpur,976,72
01-06-2023,Dhaka,5473,270
01-06-2023,Chittagong,1397,0
01-06-2023,Khulna,1868,260
01-06-2023,Rajshahi,1558,150
01-06-2023,Comilla,1430,250
01-06-2023,Mymensingh,1181,170
01-06-2023,Sylhet,569,30
01-06-2023,Barisal,497,55
01-06-2023,Rangpur,977,120
02-06-2023,Dhaka,5050,0
02-06-2023,Chittagong,1425,0
02-06-2023,Khulna,1663,130
02-06-2023,Rajshahi,1507,35
02-06-2023,Comilla,1366,110
02-06-2023,Mymensingh,1221,50
02-06-2023,Sylhet,560,0
02-06-2023,Barisal,466,0
02-06-2023,Rangpur,953,50
03-06-2023,Dhaka,5321,340
03-06-2023,Chittagong,1432,270
03-06-2023,Khulna,1768,291
03-06-2023,Rajshahi,1522,200
03-06-2023,Comilla,1462,260
03-06-2023,Mymensingh,1193,110
03-06-2023,Sylhet,540,90
03-06-2023,Barisal,462,80
03-06-2023,Rangpur,988,140
04-06-2023,Dhaka,5332,456
04-06-2023,Chittagong,1633,320
04-06-2023,Khulna,1698,280
04-06-2023,Rajshahi,1550,190
04-06-2023,Comilla,1417,240
04-06-2023,Mymensingh,1234,65
04-06-2023,Sylhet,592,85
04-06-2023,Barisal,493,69
04-06-2023,Rangpur,873,128
05-06-2023,Dhaka,5389,290
05-06-2023,Chittagong,1372,266
05-06-2023,Khulna,1775,345
05-06-2023,Rajshahi,1546,198
05-06-2023,Comilla,1415,245
05-06-2023,Mymensingh,1256,116
05-06-2023,Sylhet,624,96
05-06-2023,Barisal,506,66
05-06-2023,Rangpur,943,136
06-06-2023,Dhaka,5581,500
06-06-2023,Chittagong,1072,0
06-06-2023,Khulna,1970,345
06-06-2023,Rajshahi,1526,285
06-06-2023,Comilla,1517,320
06-06-2023,Mymensingh,1179,230
06-06-2023,Sylhet,626,0
06-06-2023,Barisal,528,75
06-06-2023,Rangpur,984,190
07-06-2023,Dhaka,5725,0
07-06-2023,Chittagong,1387,0
07-06-2023,Khulna,1804,400
07-06-2023,Rajshahi,1435,220
07-06-2023,Comilla,1359,320
07-06-2023,Mymensingh,1126,220
07-06-2023,Sylhet,559,100
07-06-2023,Barisal,461,110
07-06-2023,Rangpur,817,160
08-06-2023,Dhaka,5045,43
08-06-2023,Chittagong,1377,0
08-06-2023,Khulna,1927,16
08-06-2023,Rajshahi,1609,97
08-06-2023,Comilla,1317,0
08-06-2023,Mymensingh,1169,152
08-06-2023,Sylhet,626,10
08-06-2023,Barisal,456,0
08-06-2023,Rangpur,1057,152
09-06-2023,Dhaka,4103,0
09-06-2023,Chittagong,1186,0
09-06-2023,Khulna,1372,0
09-06-2023,Rajshahi,1343,0
09-06-2023,Comilla,1254,0
09-06-2023,Mymensingh,968,0
09-06-2023,Sylhet,567,0
09-06-2023,Barisal,408,0
09-06-2023,Rangpur,897,0
10-06-2023,Dhaka,4790,25
10-06-2023,Chittagong,1235,0
10-06-2023,Khulna,1636,0
10-06-2023,Rajshahi,1471,26
10-06-2023,Comilla,1169,0
10-06-2023,Mymensingh,1125,0
10-06-2023,Sylhet,500,0
10-06-2023,Barisal,397,0
10-06-2023,Rangpur,923,0
11-06-2023,Dhaka,5081,90
11-06-2023,Chittagong,1224,0
11-06-2023,Khulna,1752,0
11-06-2023,Rajshahi,1503,13
11-06-2023,Comilla,1153,8
11-06-2023,Mymensingh,1137,107
11-06-2023,Sylhet,514,76
11-06-2023,Barisal,397,0
11-06-2023,Rangpur,860,0
12-06-2023,Dhaka,4752,100
12-06-2023,Chittagong,1364,0
12-06-2023,Khulna,1650,0
12-06-2023,Rajshahi,1398,0
12-06-2023,Comilla,1111,17
12-06-2023,Mymensingh,1058,120
12-06-2023,Sylhet,527,35
12-06-2023,Barisal,331,0
12-06-2023,Rangpur,925,0
13-06-2023,Dhaka,5235,180
13-06-2023,Chittagong,1342,170
13-06-2023,Khulna,1451,100
13-06-2023,Rajshahi,1345,140
13-06-2023,Comilla,1344,48
13-06-2023,Mymensingh,1107,110
13-06-2023,Sylhet,576,20
13-06-2023,Barisal,350,0
13-06-2023,Rangpur,839,150
14-06-2023,Dhaka,5422,53
14-06-2023,Chittagong,1340,0
14-06-2023,Khulna,1878,250
14-06-2023,Rajshahi,1549,87
14-06-2023,Comilla,1432,208
14-06-2023,Mymensingh,1019,68
14-06-2023,Sylhet,270,0
14-06-2023,Barisal,505,47
14-06-2023,Rangpur,966,119
15-06-2023,Dhaka,5340,20
15-06-2023,Chittagong,1336,0
15-06-2023,Khulna,1908,19
15-06-2023,Rajshahi,1539,0
15-06-2023,Comilla,1431,211
15-06-2023,Mymensingh,486,0
15-06-2023,Sylhet,447,0
15-06-2023,Barisal,447,0
15-06-2023,Rangpur,584,0
16-06-2023,Dhaka,3794,0
16-06-2023,Chittagong,1261,0
16-06-2023,Khulna,1857,0
16-06-2023,Rajshahi,1378,0
16-06-2023,Comilla,951,0
16-06-2023,Mymensingh,695,0
16-06-2023,Sylhet,369,0
16-06-2023,Barisal,467,0
16-06-2023,Rangpur,740,0
17-06-2023,Dhaka,3903,0
17-06-2023,Chittagong,1237,0
17-06-2023,Khulna,1580,0
17-06-2023,Rajshahi,1231,0
17-06-2023,Comilla,1212,0
17-06-2023,Mymensingh,717,0
17-06-2023,Sylhet,381,0
17-06-2023,Barisal,454,0
17-06-2023,Rangpur,784,0
18-06-2023,Dhaka,4832,30
18-06-2023,Chittagong,1270,0
18-06-2023,Khulna,1747,0
18-06-2023,Rajshahi,1272,0
18-06-2023,Comilla,1132,0
18-06-2023,Mymensingh,958,90
18-06-2023,Sylhet,389,0
18-06-2023,Barisal,436,0
18-06-2023,Rangpur,734,0
19-06-2023,Dhaka,5046,20
19-06-2023,Chittagong,1313,0
19-06-2023,Khulna,1639,0
19-06-2023,Rajshahi,1314,0
19-06-2023,Comilla,1190,10
19-06-2023,Mymensingh,925,50
19-06-2023,Sylhet,399,0
19-06-2023,Barisal,401,0
19-06-2023,Rangpur,743,0
20-06-2023,Dhaka,4737,0
20-06-2023,Chittagong,1368,0
20-06-2023,Khulna,1629,0
20-06-2023,Rajshahi,1424,0
20-06-2023,Comilla,1226,0
20-06-2023,Mymensingh,993,0
20-06-2023,Sylhet,392,0
20-06-2023,Barisal,449,0
20-06-2023,Rangpur,738,0
21-06-2023,Dhaka,5079,35
21-06-2023,Chittagong,1365,0
21-06-2023,Khulna,1749,0
21-06-2023,Rajshahi,1301,0
21-06-2023,Comilla,1365,0
21-06-2023,Mymensingh,936,0
21-06-2023,Sylhet,482,0
21-06-2023,Barisal,441,0
21-06-2023,Rangpur,805,0
22-06-2023,Dhaka,5111,50
22-06-2023,Chittagong,1311,0
22-06-2023,Khulna,1616,190
22-06-2023,Rajshahi,1363,0
22-06-2023,Comilla,1403,20
22-06-2023,Mymensingh,1045,40
22-06-2023,Sylhet,520,42
22-06-2023,Barisal,410,0
22-06-2023,Rangpur,858,0
23-06-2023,Dhaka,4690,18
23-06-2023,Chittagong,1288,0
23-06-2023,Khulna,1560,0
23-06-2023,Rajshahi,1416,0
23-06-2023,Comilla,1289,0
23-06-2023,Mymensingh,1074,103
23-06-2023,Sylhet,505,0
23-06-2023,Barisal,403,0
23-06-2023,Rangpur,892,0
24-06-2023,Dhaka,5065,61
24-06-2023,Chittagong,1255,0
24-06-2023,Khulna,1657,96
24-06-2023,Rajshahi,1406,52
24-06-2023,Comilla,1315,96
24-06-2023,Mymensingh,1144,144
24-06-2023,Sylhet,555,0
24-06-2023,Barisal,412,35
24-06-2023,Rangpur,979,83
25-06-2023,Dhaka,4984,86
25-06-2023,Chittagong,1318,0
25-06-2023,Khulna,1686,181
25-06-2023,Rajshahi,1446,95
25-06-2023,Comilla,1422,170
25-06-2023,Mymensingh,1173,164
25-06-2023,Sylhet,572,0
25-06-2023,Barisal,406,0
25-06-2023,Rangpur,920,138
26-06-2023,Dhaka,4409,0
26-06-2023,Chittagong,1196,0
26-06-2023,Khulna,1489,0
26-06-2023,Rajshahi,1373,0
26-06-2023,Comilla,1311,0
26-06-2023,Mymensingh,1113,30
26-06-2023,Sylhet,543,0
26-06-2023,Barisal,395,0
26-06-2023,Rangpur,905,0
27-06-2023,Dhaka,3429,0
27-06-2023,Chittagong,1120,0
27-06-2023,Khulna,1479,0
27-06-2023,Rajshahi,1280,0
27-06-2023,Comilla,1124,0
27-06-2023,Mymensingh,995,0
27-06-2023,Sylhet,540,0
27-06-2023,Barisal,373,0
27-06-2023,Rangpur,831,0
28-06-2023,Dhaka,2747,0
28-06-2023,Chittagong,928,0
28-06-2023,Khulna,1309,0
28-06-2023,Rajshahi,1175,0
28-06-2023,Comilla,1171,0
28-06-2023,Mymensingh,925,0
28-06-2023,Sylhet,464,0
28-06-2023,Barisal,412,0
28-06-2023,Rangpur,793,0
29-06-2023,Dhaka,2762,0
29-06-2023,Chittagong,1021,0
29-06-2023,Khulna,1423,0
29-06-2023,Rajshahi,1267,0
29-06-2023,Comilla,1315,0
29-06-2023,Mymensingh,985,0
29-06-2023,Sylhet,492,0
29-06-2023,Barisal,381,0
29-06-2023,Rangpur,811,0
30-06-2023,Dhaka,2604,0
30-06-2023,Chittagong,964,0
30-06-2023,Khulna,1198,0
30-06-2023,Rajshahi,1111,0
30-06-2023,Comilla,917,0
30-06-2023,Mymensingh,826,0
30-06-2023,Sylhet,449,0
30-06-2023,Barisal,348,0
30-06-2023,Rangpur,724,0
01-07-2023,Dhaka,2615,0
01-07-2023,Chittagong,1220,0
01-07-2023,Khulna,1496,0
01-07-2023,Rajshahi,1225,0
01-07-2023,Comilla,1234,0
01-07-2023,Mymensingh,929,0
01-07-2023,Sylhet,467,0
01-07-2023,Barisal,473,0
01-07-2023,Rangpur,872,0
02-07-2023,Dhaka,3025,0
02-07-2023,Chittagong,1333,0
02-07-2023,Khulna,1639,0
02-07-2023,Rajshahi,1249,0
02-07-2023,Comilla,1330,0
02-07-2023,Mymensingh,920,0
02-07-2023,Sylhet,465,0
02-07-2023,Barisal,444,0
02-07-2023,Rangpur,831,0
03-07-2023,Dhaka,3369,0
03-07-2023,Chittagong,1344,0
03-07-2023,Khulna,1712,0
03-07-2023,Rajshahi,1252,0
03-07-2023,Comilla,1399,0
03-07-2023,Mymensingh,1007,0
03-07-2023,Sylhet,507,0
03-07-2023,Barisal,483,0
03-07-2023,Rangpur,838,0
04-07-2023,Dhaka,3843,0
04-07-2023,Chittagong,1350,0
04-07-2023,Khulna,1819,0
04-07-2023,Rajshahi,1386,0
04-07-2023,Comilla,1410,0
04-07-2023,Mymensingh,1101,0
04-07-2023,Sylhet,573,0
04-07-2023,Barisal,499,0
04-07-2023,Rangpur,866,36
05-07-2023,Dhaka,3994,0
05-07-2023,Chittagong,1325,0
05-07-2023,Khulna,1710,0
05-07-2023,Rajshahi,1458,0
05-07-2023,Comilla,1427,0
05-07-2023,Mymensingh,1137,0
05-07-2023,Sylhet,539,0
05-07-2023,Barisal,464,0
05-07-2023,Rangpur,927,0
06-07-2023,Dhaka,3920,0
06-07-2023,Chittagong,1286,0
06-07-2023,Khulna,1659,0
06-07-2023,Rajshahi,1385,0
06-07-2023,Comilla,1322,0
06-07-2023,Mymensingh,1085,0
06-07-2023,Sylhet,557,0
06-07-2023,Barisal,457,0
06-07-2023,Rangpur,915,0
07-07-2023,Dhaka,3940,0
07-07-2023,Chittagong,1318,0
07-07-2023,Khulna,1678,0
07-07-2023,Rajshahi,1307,143
07-07-2023,Comilla,1314,0
07-07-2023,Mymensingh,1083,0
07-07-2023,Sylhet,486,0
07-07-2023,Barisal,422,0
07-07-2023,Rangpur,928,0
08-07-2023,Dhaka,4441,0
08-07-2023,Chittagong,1329,0
08-07-2023,Khulna,1774,0
08-07-2023,Rajshahi,1442,0
08-07-2023,Comilla,1372,0
08-07-2023,Mymensingh,1107,0
08-07-2023,Sylhet,581,0
08-07-2023,Barisal,459,0
08-07-2023,Rangpur,928,0
09-07-2023,Dhaka,4776,0
09-07-2023,Chittagong,1368,0
09-07-2023,Khulna,1867,160
09-07-2023,Rajshahi,1551,80
09-07-2023,Comilla,1425,80
09-07-2023,Mymensingh,1213,120
09-07-2023,Sylhet,517,71
09-07-2023,Barisal,490,0
09-07-2023,Rangpur,964,100
10-07-2023,Dhaka,4943,35
10-07-2023,Chittagong,1269,0
10-07-2023,Khulna,1830,2
10-07-2023,Rajshahi,1530,0
10-07-2023,Comilla,1405,10
10-07-2023,Mymensingh,1131,80
10-07-2023,Sylhet,564,0
10-07-2023,Barisal,462,0
10-07-2023,Rangpur,966,165
11-07-2023,Dhaka,4899,12
11-07-2023,Chittagong,1439,0
11-07-2023,Khulna,1839,0
11-07-2023,Rajshahi,1554,0
11-07-2023,Comilla,1403,0
11-07-2023,Mymensingh,1192,97
11-07-2023,Sylhet,586,0
11-07-2023,Barisal,463,0
11-07-2023,Rangpur,947,111
12-07-2023,Dhaka,4905,0
12-07-2023,Chittagong,1430,0
12-07-2023,Khulna,1755,0
12-07-2023,Rajshahi,1498,0
12-07-2023,Comilla,1434,0
12-07-2023,Mymensingh,1120,116
12-07-2023,Sylhet,557,0
12-07-2023,Barisal,462,0
12-07-2023,Rangpur,962,55
13-07-2023,Dhaka,5010,0
13-07-2023,Chittagong,1372,0
13-07-2023,Khulna,1841,0
13-07-2023,Rajshahi,1466,0
13-07-2023,Comilla,1385,0
13-07-2023,Mymensingh,1203,154
13-07-2023,Sylhet,558,0
13-07-2023,Barisal,450,0
13-07-2023,Rangpur,948,0
14-07-2023,Dhaka,4526,0
14-07-2023,Chittagong,1267,0
14-07-2023,Khulna,1739,0
14-07-2023,Rajshahi,1394,0
14-07-2023,Comilla,1367,0
14-07-2023,Mymensingh,1110,55
14-07-2023,Sylhet,567,0
14-07-2023,Barisal,429,0
14-07-2023,Rangpur,861,79
15-07-2023,Dhaka,4918,0
15-07-2023,Chittagong,1373,0
15-07-2023,Khulna,1761,0
15-07-2023,Rajshahi,1495,0
15-07-2023,Comilla,1364,0
15-07-2023,Mymensingh,1128,0
15-07-2023,Sylhet,598,0
15-07-2023,Barisal,424,0
15-07-2023,Rangpur,966,0
16-07-2023,Dhaka,4853,22
16-07-2023,Chittagong,1270,0
16-07-2023,Khulna,1766,0
16-07-2023,Rajshahi,1472,0
16-07-2023,Comilla,1376,15
16-07-2023,Mymensingh,1136,73
16-07-2023,Sylhet,597,0
16-07-2023,Barisal,446,0
16-07-2023,Rangpur,965,51
17-07-2023,Dhaka,5055,37
17-07-2023,Chittagong,1422,0
17-07-2023,Khulna,1799,58
17-07-2023,Rajshahi,1519,0
17-07-2023,Comilla,1407,0
17-07-2023,Mymensingh,1214,144
17-07-2023,Sylhet,566,0
17-07-2023,Barisal,463,0
17-07-2023,Rangpur,1011,110
18-07-2023,Dhaka,5200,100
18-07-2023,Chittagong,1353,0
18-07-2023,Khulna,1820,0
18-07-2023,Rajshahi,1518,56
18-07-2023,Comilla,1384,157
18-07-2023,Mymensingh,1180,150
18-07-2023,Sylhet,640,0
18-07-2023,Barisal,473,0
18-07-2023,Rangpur,982,188
19-07-2023,Dhaka,5296,138
19-07-2023,Chittagong,1440,0
19-07-2023,Khulna,1892,172
19-07-2023,Rajshahi,1632,100
19-07-2023,Comilla,1303,180
19-07-2023,Mymensingh,1239,200
19-07-2023,Sylhet,632,90
19-07-2023,Barisal,480,40
19-07-2023,Rangpur,991,180
20-07-2023,Dhaka,5244,82
20-07-2023,Chittagong,1395,0
20-07-2023,Khulna,1838,0
20-07-2023,Rajshahi,1598,0
20-07-2023,Comilla,1513,85
20-07-2023,Mymensingh,1105,177
20-07-2023,Sylhet,555,0
20-07-2023,Barisal,477,0
20-07-2023,Rangpur,987,76
21-07-2023,Dhaka,4593,0
21-07-2023,Chittagong,1422,0
21-07-2023,Khulna,1771,0
21-07-2023,Rajshahi,1497,0
21-07-2023,Comilla,1349,0
21-07-2023,Mymensingh,1137,15
21-07-2023,Sylhet,582,0
21-07-2023,Barisal,452,0
21-07-2023,Rangpur,964,0
22-07-2023,Dhaka,5093,0
22-07-2023,Chittagong,1484,0
22-07-2023,Khulna,1779,0
22-07-2023,Rajshahi,1587,0
22-07-2023,Comilla,1407,0
22-07-2023,Mymensingh,1213,120
22-07-2023,Sylhet,617,0
22-07-2023,Barisal,469,0
22-07-2023,Rangpur,1207,108
23-07-2023,Dhaka,5303,52
23-07-2023,Chittagong,1463,132
23-07-2023,Khulna,1736,142
23-07-2023,Rajshahi,1556,100
23-07-2023,Comilla,1329,140
23-07-2023,Mymensingh,1145,105
23-07-2023,Sylhet,636,0
23-07-2023,Barisal,481,0
23-07-2023,Rangpur,965,115
24-07-2023,Dhaka,5184,45
24-07-2023,Chittagong,1564,0
24-07-2023,Khulna,1847,77
24-07-2023,Rajshahi,1719,0
24-07-2023,Comilla,1325,122
24-07-2023,Mymensingh,1182,107
24-07-2023,Sylhet,588,65
24-07-2023,Barisal,485,0
24-07-2023,Rangpur,999,92
25-07-2023,Dhaka,5241,0
25-07-2023,Chittagong,1451,0
25-07-2023,Khulna,1786,0
25-07-2023,Rajshahi,1681,25
25-07-2023,Comilla,1412,64
25-07-2023,Mymensingh,1227,210
25-07-2023,Sylhet,613,35
25-07-2023,Barisal,454,0
25-07-2023,Rangpur,1041,50
26-07-2023,Dhaka,5148,0
26-07-2023,Chittagong,1402,0
26-07-2023,Khulna,1776,0
26-07-2023,Rajshahi,1631,30
26-07-2023,Comilla,1433,40
26-07-2023,Mymensingh,1201,100
26-07-2023,Sylhet,546,0
26-07-2023,Barisal,472,0
26-07-2023,Rangpur,1042,74
27-07-2023,Dhaka,5091,0
27-07-2023,Chittagong,1415,0
27-07-2023,Khulna,1749,0
27-07-2023,Rajshahi,1616,0
27-07-2023,Comilla,1368,25
27-07-2023,Mymensingh,1245,193
27-07-2023,Sylhet,607,0
27-07-2023,Barisal,449,0
27-07-2023,Rangpur,1059,122
28-07-2023,Dhaka,4513,0
28-07-2023,Chittagong,1289,0
28-07-2023,Khulna,1756,0
28-07-2023,Rajshahi,1599,0
28-07-2023,Comilla,1337,22
28-07-2023,Mymensingh,1197,23
28-07-2023,Sylhet,578,140
28-07-2023,Barisal,451,0
28-07-2023,Rangpur,956,8
29-07-2023,Dhaka,4920,25
29-07-2023,Chittagong,1356,0
29-07-2023,Khulna,1785,0
29-07-2023,Rajshahi,1645,0
29-07-2023,Comilla,1447,32
29-07-2023,Mymensingh,1221,52
29-07-2023,Sylhet,622,11
29-07-2023,Barisal,474,0
29-07-2023,Rangpur,993,0
30-07-2023,Dhaka,5217,40
30-07-2023,Chittagong,1482,0
30-07-2023,Khulna,1822,89
30-07-2023,Rajshahi,1641,20
30-07-2023,Comilla,1391,105
30-07-2023,Mymensingh,1233,100
30-07-2023,Sylhet,629,20
30-07-2023,Barisal,521,70
30-07-2023,Rangpur,968,125
31-07-2023,Dhaka,4936,40
31-07-2023,Chittagong,1484,0
31-07-2023,Khulna,1868,0
31-07-2023,Rajshahi,1575,60
31-07-2023,Comilla,1094,40
31-07-2023,Mymensingh,1288,170
31-07-2023,Sylhet,538,0
31-07-2023,Barisal,474,0
31-07-2023,Rangpur,1134,90
01-08-2023,Dhaka,5003,10
01-08-2023,Chittagong,1343,0
01-08-2023,Khulna,1529,0
01-08-2023,Rajshahi,1487,0
01-08-2023,Comilla,1088,36
01-08-2023,Mymensingh,1107,0
01-08-2023,Sylhet,573,25
01-08-2023,Barisal,211,0
01-08-2023,Rangpur,1060,25
02-08-2023,Dhaka,4915,0
02-08-2023,Chittagong,1359,0
02-08-2023,Khulna,1629,0
02-08-2023,Rajshahi,1528,20
02-08-2023,Comilla,1308,30
02-08-2023,Mymensingh,1196,105
02-08-2023,Sylhet,605,62
02-08-2023,Barisal,411,0
02-08-2023,Rangpur,1002,0
03-08-2023,Dhaka,4899,10
03-08-2023,Chittagong,1300,0
03-08-2023,Khulna,1749,0
03-08-2023,Rajshahi,1576,48
03-08-2023,Comilla,1345,20
03-08-2023,Mymensingh,1217,84
03-08-2023,Sylhet,593,47
03-08-2023,Barisal,439,0
03-08-2023,Rangpur,1015,0
04-08-2023,Dhaka,4210,0
04-08-2023,Chittagong,1241,0
04-08-2023,Khulna,1620,0
04-08-2023,Rajshahi,1539,0
04-08-2023,Comilla,1236,0
04-08-2023,Mymensingh,1129,0
04-08-2023,Sylhet,545,0
04-08-2023,Barisal,408,0
04-08-2023,Rangpur,877,0
05-08-2023,Dhaka,4788,15
05-08-2023,Chittagong,1189,0
05-08-2023,Khulna,1709,0
05-08-2023,Rajshahi,1501,33
05-08-2023,Comilla,1294,15
05-08-2023,Mymensingh,1155,75
05-08-2023,Sylhet,576,0
05-08-2023,Barisal,415,0
05-08-2023,Rangpur,997,22
06-08-2023,Dhaka,4665,25
06-08-2023,Chittagong,1139,25
06-08-2023,Khulna,1638,0
06-08-2023,Rajshahi,1484,30
06-08-2023,Comilla,1199,0
06-08-2023,Mymensingh,1122,15
06-08-2023,Sylhet,496,0
06-08-2023,Barisal,400,0
06-08-2023,Rangpur,996,38
07-08-2023,Dhaka,4420,0
07-08-2023,Chittagong,1039,0
07-08-2023,Khulna,1456,0
07-08-2023,Rajshahi,1264,0
07-08-2023,Comilla,1163,0
07-08-2023,Mymensingh,982,0
07-08-2023,Sylhet,538,0
07-08-2023,Barisal,337,0
07-08-2023,Rangpur,963,0
08-08-2023,Dhaka,4653,0
08-08-2023,Chittagong,981,0
08-08-2023,Khulna,1562,0
08-08-2023,Rajshahi,1302,0
08-08-2023,Comilla,1214,0
08-08-2023,Mymensingh,1087,0
08-08-2023,Sylhet,509,0
08-08-2023,Barisal,384,0
08-08-2023,Rangpur,896,0
09-08-2023,Dhaka,4725,60
09-08-2023,Chittagong,1083,0
09-08-2023,Khulna,1618,0
09-08-2023,Rajshahi,1412,0
09-08-2023,Comilla,1318,0
09-08-2023,Mymensingh,1158,50
09-08-2023,Sylhet,527,0
09-08-2023,Barisal,394,0
09-08-2023,Rangpur,947,0
10-08-2023,Dhaka,4765,0
10-08-2023,Chittagong,1181,0
10-08-2023,Khulna,1664,0
10-08-2023,Rajshahi,1444,35
10-08-2023,Comilla,1268,0
10-08-2023,Mymensingh,1136,78
10-08-2023,Sylhet,566,0
10-08-2023,Barisal,384,0
10-08-2023,Rangpur,982,47
11-08-2023,Dhaka,4232,0
11-08-2023,Chittagong,1170,0
11-08-2023,Khulna,1673,0
11-08-2023,Rajshahi,1396,0
11-08-2023,Comilla,1281,0
11-08-2023,Mymensingh,1151,0
11-08-2023,Sylhet,540,0
11-08-2023,Barisal,416,0
11-08-2023,Rangpur,920,0
12-08-2023,Dhaka,4887,25
12-08-2023,Chittagong,1257,0
12-08-2023,Khulna,1575,0
12-08-2023,Rajshahi,1346,0
12-08-2023,Comilla,1276,0
12-08-2023,Mymensingh,1043,60
12-08-2023,Sylhet,565,0
12-08-2023,Barisal,424,0
12-08-2023,Rangpur,943,0
13-08-2023,Dhaka,4673,0
13-08-2023,Chittagong,1195,0
13-08-2023,Khulna,1632,0
13-08-2023,Rajshahi,1326,0
13-08-2023,Comilla,1206,0
13-08-2023,Mymensingh,1042,0
13-08-2023,Sylhet,541,0
13-08-2023,Barisal,406,0
13-08-2023,Rangpur,882,0
14-08-2023,Dhaka,4656,20
14-08-2023,Chittagong,1205,0
14-08-2023,Khulna,1687,0
14-08-2023,Rajshahi,1443,0
14-08-2023,Comilla,1313,0
14-08-2023,Mymensingh,1193,102
14-08-2023,Sylhet,531,0
14-08-2023,Barisal,432,0
14-08-2023,Rangpur,982,0
15-08-2023,Dhaka,4322,0
15-08-2023,Chittagong,1212,0
15-08-2023,Khulna,1666,0
15-08-2023,Rajshahi,1502,0
15-08-2023,Comilla,1336,0
15-08-2023,Mymensingh,1190,20
15-08-2023,Sylhet,583,0
15-08-2023,Barisal,449,0
15-08-2023,Rangpur,979,97
16-08-2023,Dhaka,4902,0
16-08-2023,Chittagong,1347,0
16-08-2023,Khulna,1736,0
16-08-2023,Rajshahi,1509,30
16-08-2023,Comilla,1230,90
16-08-2023,Mymensingh,1201,160
16-08-2023,Sylhet,648,39
16-08-2023,Barisal,473,0
16-08-2023,Rangpur,1001,100
17-08-2023,Dhaka,5018,45
17-08-2023,Chittagong,1304,0
17-08-2023,Khulna,1754,10
17-08-2023,Rajshahi,1562,45
17-08-2023,Comilla,1354,113
17-08-2023,Mymensingh,1215,114
17-08-2023,Sylhet,602,10
17-08-2023,Barisal,478,0
17-08-2023,Rangpur,967,100
18-08-2023,Dhaka,4439,0
18-08-2023,Chittagong,1277,0
18-08-2023,Khulna,1665,0
18-08-2023,Rajshahi,1448,0
18-08-2023,Comilla,1284,39
18-08-2023,Mymensingh,1230,79
18-08-2023,Sylhet,612,0
18-08-2023,Barisal,434,0
18-08-2023,Rangpur,958,27
19-08-2023,Dhaka,4861,10
19-08-2023,Chittagong,1368,77
19-08-2023,Khulna,1727,164
19-08-2023,Rajshahi,1372,82
19-08-2023,Comilla,1320,55
19-08-2023,Mymensingh,1204,90
19-08-2023,Sylhet,620,0
19-08-2023,Barisal,464,0
19-08-2023,Rangpur,998,156
20-08-2023,Dhaka,5085,10
20-08-2023,Chittagong,1337,0
20-08-2023,Khulna,1786,75
20-08-2023,Rajshahi,1558,70
20-08-2023,Comilla,1365,79
20-08-2023,Mymensingh,1233,150
20-08-2023,Sylhet,619,20
20-08-2023,Barisal,478,0
20-08-2023,Rangpur,963,120
21-08-2023,Dhaka,5176,35
21-08-2023,Chittagong,1315,35
21-08-2023,Khulna,1820,84
21-08-2023,Rajshahi,1586,110
21-08-2023,Comilla,1412,120
21-08-2023,Mymensingh,1202,90
21-08-2023,Sylhet,610,45
21-08-2023,Barisal,491,0
21-08-2023,Rangpur,970,110
22-08-2023,Dhaka,4827,0
22-08-2023,Chittagong,1220,0
22-08-2023,Khulna,1768,0
22-08-2023,Rajshahi,1575,0
22-08-2023,Comilla,1329,25
22-08-2023,Mymensingh,1214,217
22-08-2023,Sylhet,558,15
22-08-2023,Barisal,415,0
22-08-2023,Rangpur,879,0
23-08-2023,Dhaka,4881,20
23-08-2023,Chittagong,1273,0
23-08-2023,Khulna,1614,0
23-08-2023,Rajshahi,1444,0
23-08-2023,Comilla,1319,0
23-08-2023,Mymensingh,1185,115
23-08-2023,Sylhet,563,8
23-08-2023,Barisal,429,0
23-08-2023,Rangpur,853,0
24-08-2023,Dhaka,4750,0
24-08-2023,Chittagong,1278,0
24-08-2023,Khulna,1705,0
24-08-2023,Rajshahi,1443,0
24-08-2023,Comilla,1296,0
24-08-2023,Mymensingh,1155,41
24-08-2023,Sylhet,561,0
24-08-2023,Barisal,444,0
24-08-2023,Rangpur,888,0
25-08-2023,Dhaka,4017,0
25-08-2023,Chittagong,1186,0
25-08-2023,Khulna,1352,0
25-08-2023,Rajshahi,1232,0
25-08-2023,Comilla,1219,0
25-08-2023,Mymensingh,1049,0
25-08-2023,Sylhet,536,0
25-08-2023,Barisal,380,0
25-08-2023,Rangpur,790,0
26-08-2023,Dhaka,4593,30
26-08-2023,Chittagong,1218,0
26-08-2023,Khulna,1593,0
26-08-2023,Rajshahi,1335,0
26-08-2023,Comilla,1250,11
26-08-2023,Mymensingh,1138,10
26-08-2023,Sylhet,533,10
26-08-2023,Barisal,412,0
26-08-2023,Rangpur,888,0
27-08-2023,Dhaka,4933,0
27-08-2023,Chittagong,1230,0
27-08-2023,Khulna,1742,0
27-08-2023,Rajshahi,1474,0
27-08-2023,Comilla,1270,0
27-08-2023,Mymensingh,1160,65
27-08-2023,Sylhet,500,0
27-08-2023,Barisal,425,0
27-08-2023,Rangpur,937,30
28-08-2023,Dhaka,4954,15
28-08-2023,Chittagong,1339,0
28-08-2023,Khulna,1791,0
28-08-2023,Rajshahi,1503,105
28-08-2023,Comilla,1278,0
28-08-2023,Mymensingh,1152,50
28-08-2023,Sylhet,541,0
28-08-2023,Barisal,423,0
28-08-2023,Rangpur,960,24
29-08-2023,Dhaka,4940,10
29-08-2023,Chittagong,1499,0
29-08-2023,Khulna,1789,0
29-08-2023,Rajshahi,1567,0
29-08-2023,Comilla,1400,10
29-08-2023,Mymensingh,1186,51
29-08-2023,Sylhet,598,0
29-08-2023,Barisal,444,0
29-08-2023,Rangpur,974,200
30-08-2023,Dhaka,5141,25
30-08-2023,Chittagong,1408,0
30-08-2023,Khulna,1857,0
30-08-2023,Rajshahi,1564,20
30-08-2023,Comilla,1253,150
30-08-2023,Mymensingh,1243,80
30-08-2023,Sylhet,581,60
30-08-2023,Barisal,486,0
30-08-2023,Rangpur,974,58
31-08-2023,Dhaka,5079,40
31-08-2023,Chittagong,1415,0
31-08-2023,Khulna,1842,0
31-08-2023,Rajshahi,1542,78
31-08-2023,Comilla,1345,100
31-08-2023,Mymensingh,1225,85
31-08-2023,Sylhet,602,60
31-08-2023,Barisal,461,0
31-08-2023,Rangpur,1016,100
01-09-2023,Dhaka,4439,0
01-09-2023,Chittagong,1359,0
01-09-2023,Khulna,1711,0
01-09-2023,Rajshahi,1539,0
01-09-2023,Comilla,1385,18
01-09-2023,Mymensingh,1253,70
01-09-2023,Sylhet,597,27
01-09-2023,Barisal,446,0
01-09-2023,Rangpur,975,20
02-09-2023,Dhaka,4997,10
02-09-2023,Chittagong,1082,0
02-09-2023,Khulna,1808,0
02-09-2023,Rajshahi,1585,0
02-09-2023,Comilla,1427,45
02-09-2023,Mymensingh,1272,125
02-09-2023,Sylhet,573,45
02-09-2023,Barisal,468,0
02-09-2023,Rangpur,1003,103
03-09-2023,Dhaka,4976,80
03-09-2023,Chittagong,1311,0
03-09-2023,Khulna,1738,0
03-09-2023,Rajshahi,1603,100
03-09-2023,Comilla,1384,70
03-09-2023,Mymensingh,1230,100
03-09-2023,Sylhet,639,95
03-09-2023,Barisal,478,0
03-09-2023,Rangpur,1040,130
04-09-2023,Dhaka,5169,60
04-09-2023,Chittagong,1453,0
04-09-2023,Khulna,1720,130
04-09-2023,Rajshahi,1549,0
04-09-2023,Comilla,1272,170
04-09-2023,Mymensingh,1212,130
04-09-2023,Sylhet,647,80
04-09-2023,Barisal,456,0
04-09-2023,Rangpur,997,135
05-09-2023,Dhaka,5117,42
05-09-2023,Chittagong,1316,185
05-09-2023,Khulna,1787,112
05-09-2023,Rajshahi,1647,30
05-09-2023,Comilla,1298,119
05-09-2023,Mymensingh,1229,145
05-09-2023,Sylhet,619,65
05-09-2023,Barisal,487,0
05-09-2023,Rangpur,1001,124
06-09-2023,Dhaka,4731,50
06-09-2023,Chittagong,1308,0
06-09-2023,Khulna,1792,0
06-09-2023,Rajshahi,1583,20
06-09-2023,Comilla,1394,100
06-09-2023,Mymensingh,1177,222
06-09-2023,Sylhet,638,105
06-09-2023,Barisal,471,0
06-09-2023,Rangpur,871,0
07-09-2023,Dhaka,4903,0
07-09-2023,Chittagong,1365,0
07-09-2023,Khulna,1651,10
07-09-2023,Rajshahi,1378,0
07-09-2023,Comilla,1422,180
07-09-2023,Mymensingh,1064,10
07-09-2023,Sylhet,648,50
07-09-2023,Barisal,428,0
07-09-2023,Rangpur,1017,108
08-09-2023,Dhaka,4265,0
08-09-2023,Chittagong,1295,0
08-09-2023,Khulna,1581,0
08-09-2023,Rajshahi,1323,0
08-09-2023,Comilla,1253,0
08-09-2023,Mymensingh,1143,39
08-09-2023,Sylhet,549,0
08-09-2023,Barisal,397,0
08-09-2023,Rangpur,873,0
09-09-2023,Dhaka,4905,5
09-09-2023,Chittagong,1403,52
09-09-2023,Khulna,1806,0
09-09-2023,Rajshahi,1487,0
09-09-2023,Comilla,1342,42
09-09-2023,Mymensingh,1196,45
09-09-2023,Sylhet,603,40
09-09-2023,Barisal,465,0
09-09-2023,Rangpur,948,42
10-09-2023,Dhaka,5021,80
10-09-2023,Chittagong,1403,0
10-09-2023,Khulna,1800,0
10-09-2023,Rajshahi,1574,10
10-09-2023,Comilla,1404,100
10-09-2023,Mymensingh,1278,300
10-09-2023,Sylhet,631,46
10-09-2023,Barisal,483,0
10-09-2023,Rangpur,1017,95
11-09-2023,Dhaka,5044,27
11-09-2023,Chittagong,1363,0
11-09-2023,Khulna,1770,0
11-09-2023,Rajshahi,1543,0
11-09-2023,Comilla,1443,165
11-09-2023,Mymensingh,1247,138
11-09-2023,Sylhet,622,18
11-09-2023,Barisal,443,0
11-09-2023,Rangpur,1000,79
12-09-2023,Dhaka,4891,0
12-09-2023,Chittagong,1278,0
12-09-2023,Khulna,1726,0
12-09-2023,Rajshahi,1514,0
12-09-2023,Comilla,1435,135
12-09-2023,Mymensingh,1222,130
12-09-2023,Sylhet,636,25
12-09-2023,Barisal,461,0
12-09-2023,Rangpur,985,53
13-09-2023,Dhaka,4929,0
13-09-2023,Chittagong,1326,0
13-09-2023,Khulna,1699,0
13-09-2023,Rajshahi,1551,0
13-09-2023,Comilla,1392,58
13-09-2023,Mymensingh,1234,86
13-09-2023,Sylhet,608,51
13-09-2023,Barisal,409,0
13-09-2023,Rangpur,1016,94
14-09-2023,Dhaka,4909,15
14-09-2023,Chittagong,1243,0
14-09-2023,Khulna,1656,0
14-09-2023,Rajshahi,1475,0
14-09-2023,Comilla,1322,25
14-09-2023,Mymensingh,1209,90
14-09-2023,Sylhet,617,80
14-09-2023,Barisal,425,0
14-09-2023,Rangpur,1007,70
15-09-2023,Dhaka,4426,0
15-09-2023,Chittagong,1287,0
15-09-2023,Khulna,1656,0
15-09-2023,Rajshahi,1466,0
15-09-2023,Comilla,1380,30
15-09-2023,Mymensingh,1234,48
15-09-2023,Sylhet,620,40
15-09-2023,Barisal,440,0
15-09-2023,Rangpur,955,0
16-09-2023,Dhaka,5091,0
16-09-2023,Chittagong,1395,0
16-09-2023,Khulna,1841,0
16-09-2023,Rajshahi,1535,7
16-09-2023,Comilla,1436,80
16-09-2023,Mymensingh,1299,138
16-09-2023,Sylhet,620,80
16-09-2023,Barisal,464,0
16-09-2023,Rangpur,994,88
17-09-2023,Dhaka,5472,25
17-09-2023,Chittagong,1333,0
17-09-2023,Khulna,1839,35
17-09-2023,Rajshahi,1518,0
17-09-2023,Comilla,895,20
17-09-2023,Mymensingh,1233,245
17-09-2023,Sylhet,606,110
17-09-2023,Barisal,459,0
17-09-2023,Rangpur,996,160
18-09-2023,Dhaka,5146,0
18-09-2023,Chittagong,1293,0
18-09-2023,Khulna,1625,0
18-09-2023,Rajshahi,1488,0
18-09-2023,Comilla,1272,25
18-09-2023,Mymensingh,1221,122
18-09-2023,Sylhet,633,30
18-09-2023,Barisal,380,0
18-09-2023,Rangpur,964,0
19-09-2023,Dhaka,4721,0
19-09-2023,Chittagong,1313,0
19-09-2023,Khulna,1596,0
19-09-2023,Rajshahi,1328,0
19-09-2023,Comilla,1258,25
19-09-2023,Mymensingh,1138,132
19-09-2023,Sylhet,602,30
19-09-2023,Barisal,353,0
19-09-2023,Rangpur,934,0
20-09-2023,Dhaka,4764,0
20-09-2023,Chittagong,1242,0
20-09-2023,Khulna,1495,0
20-09-2023,Rajshahi,1300,0
20-09-2023,Comilla,1200,0
20-09-2023,Mymensingh,1092,44
20-09-2023,Sylhet,448,0
20-09-2023,Barisal,360,0
20-09-2023,Rangpur,842,0
21-09-2023,Dhaka,4705,0
21-09-2023,Chittagong,1263,0
21-09-2023,Khulna,1485,0
21-09-2023,Rajshahi,1218,0
21-09-2023,Comilla,1170,0
21-09-2023,Mymensingh,905,0
21-09-2023,Sylhet,511,0
21-09-2023,Barisal,408,0
21-09-2023,Rangpur,676,0
22-09-2023,Dhaka,4097,0
22-09-2023,Chittagong,1225,0
22-09-2023,Khulna,1430,0
22-09-2023,Rajshahi,1170,0
22-09-2023,Comilla,1218,0
22-09-2023,Mymensingh,981,0
22-09-2023,Sylhet,490,0
22-09-2023,Barisal,395,0
22-09-2023,Rangpur,633,0
23-09-2023,Dhaka,4656,0
23-09-2023,Chittagong,1417,0
23-09-2023,Khulna,1529,0
23-09-2023,Rajshahi,1286,0
23-09-2023,Comilla,1201,0
23-09-2023,Mymensingh,1055,37
23-09-2023,Sylhet,525,0
23-09-2023,Barisal,402,0
23-09-2023,Rangpur,681,0
24-09-2023,Dhaka,4692,0
24-09-2023,Chittagong,1320,0
24-09-2023,Khulna,1479,0
24-09-2023,Rajshahi,1100,0
24-09-2023,Comilla,1260,0
24-09-2023,Mymensingh,1028,0
24-09-2023,Sylhet,477,0
24-09-2023,Barisal,397,0
24-09-2023,Rangpur,572,0
25-09-2023,Dhaka,4927,0
25-09-2023,Chittagong,1328,0
25-09-2023,Khulna,1616,0
25-09-2023,Rajshahi,1248,0
25-09-2023,Comilla,1332,0
25-09-2023,Mymensingh,1162,64
25-09-2023,Sylhet,579,30
25-09-2023,Barisal,417,0
25-09-2023,Rangpur,827,0
26-09-2023,Dhaka,5017,22
26-09-2023,Chittagong,1339,0
26-09-2023,Khulna,1744,0
26-09-2023,Rajshahi,1466,0
26-09-2023,Comilla,1373,15
26-09-2023,Mymensingh,1209,48
26-09-2023,Sylhet,619,28
26-09-2023,Barisal,441,0
26-09-2023,Rangpur,926,0
27-09-2023,Dhaka,5078,0
27-09-2023,Chittagong,1401,0
27-09-2023,Khulna,1758,0
27-09-2023,Rajshahi,1484,0
27-09-2023,Comilla,1364,30
27-09-2023,Mymensingh,1211,75
27-09-2023,Sylhet,638,93
27-09-2023,Barisal,430,0
27-09-2023,Rangpur,963,0
28-09-2023,Dhaka,4863,0
28-09-2023,Chittagong,1355,0
28-09-2023,Khulna,1736,0
28-09-2023,Rajshahi,1485,0
28-09-2023,Comilla,1380,25
28-09-2023,Mymensingh,1234,100
28-09-2023,Sylhet,645,29
28-09-2023,Barisal,475,0
28-09-2023,Rangpur,920,0
29-09-2023,Dhaka,4257,0
29-09-2023,Chittagong,1220,0
29-09-2023,Khulna,1573,0
29-09-2023,Rajshahi,1428,0
29-09-2023,Comilla,1319,20
29-09-2023,Mymensingh,1113,30
29-09-2023,Sylhet,593,29
29-09-2023,Barisal,401,0
29-09-2023,Rangpur,957,0
30-09-2023,Dhaka,4849,19
30-09-2023,Chittagong,1347,0
30-09-2023,Khulna,1516,0
30-09-2023,Rajshahi,1226,0
30-09-2023,Comilla,1307,19
30-09-2023,Mymensingh,1205,100
30-09-2023,Sylhet,558,20
30-09-2023,Barisal,407,0
30-09-2023,Rangpur,880,0
01-10-2023,Dhaka,5125,0
01-10-2023,Chittagong,1363,0
01-10-2023,Khulna,1601,0
01-10-2023,Rajshahi,1286,0
01-10-2023,Comilla,1282,0
01-10-2023,Mymensingh,1178,80
01-10-2023,Sylhet,630,113
01-10-2023,Barisal,409,0
01-10-2023,Rangpur,899,0
02-10-2023,Dhaka,5090,0
02-10-2023,Chittagong,1380,0
02-10-2023,Khulna,1524,0
02-10-2023,Rajshahi,1372,0
02-10-2023,Comilla,1273,20
02-10-2023,Mymensingh,1161,45
02-10-2023,Sylhet,529,105
02-10-2023,Barisal,415,0
02-10-2023,Rangpur,942,0
03-10-2023,Dhaka,4804,0
03-10-2023,Chittagong,1299,0
03-10-2023,Khulna,1485,0
03-10-2023,Rajshahi,1291,0
03-10-2023,Comilla,1145,25
03-10-2023,Mymensingh,1071,20
03-10-2023,Sylhet,540,18
03-10-2023,Barisal,363,0
03-10-2023,Rangpur,868,0
04-10-2023,Dhaka,4660,0
04-10-2023,Chittagong,1279,0
04-10-2023,Khulna,1336,0
04-10-2023,Rajshahi,1200,0
04-10-2023,Comilla,1056,0
04-10-2023,Mymensingh,1023,20
04-10-2023,Sylhet,507,0
04-10-2023,Barisal,344,0
04-10-2023,Rangpur,695,0
05-10-2023,Dhaka,4091,0
05-10-2023,Chittagong,1255,0
05-10-2023,Khulna,1318,0
05-10-2023,Rajshahi,851,0
05-10-2023,Comilla,1156,0
05-10-2023,Mymensingh,553,0
05-10-2023,Sylhet,488,0
05-10-2023,Barisal,394,0
05-10-2023,Rangpur,665,0
06-10-2023,Dhaka,3788,0
06-10-2023,Chittagong,1258,0
06-10-2023,Khulna,1460,0
06-10-2023,Rajshahi,1094,0
06-10-2023,Comilla,1130,0
06-10-2023,Mymensingh,818,0
06-10-2023,Sylhet,375,0
06-10-2023,Barisal,405,0
06-10-2023,Rangpur,597,0
07-10-2023,Dhaka,4826,0
07-10-2023,Chittagong,1298,0
07-10-2023,Khulna,1642,0
07-10-2023,Rajshahi,1256,0
07-10-2023,Comilla,1227,0
07-10-2023,Mymensingh,1024,0
07-10-2023,Sylhet,467,0
07-10-2023,Barisal,396,0
07-10-2023,Rangpur,764,0
08-10-2023,Dhaka,4879,0
08-10-2023,Chittagong,1337,0
08-10-2023,Khulna,1704,0
08-10-2023,Rajshahi,1368,0
08-10-2023,Comilla,1195,10
08-10-2023,Mymensingh,1161,27
08-10-2023,Sylhet,506,0
08-10-2023,Barisal,405,0
08-10-2023,Rangpur,882,0
09-10-2023,Dhaka,5020,0
09-10-2023,Chittagong,1363,0
09-10-2023,Khulna,1739,0
09-10-2023,Rajshahi,1413,0
09-10-2023,Comilla,1257,0
09-10-2023,Mymensingh,1064,0
09-10-2023,Sylhet,453,0
09-10-2023,Barisal,407,0
09-10-2023,Rangpur,898,0
10-10-2023,Dhaka,4964,0
10-10-2023,Chittagong,1360,0
10-10-2023,Khulna,1671,0
10-10-2023,Rajshahi,1350,0
10-10-2023,Comilla,1287,25
10-10-2023,Mymensingh,1087,0
10-10-2023,Sylhet,548,40
10-10-2023,Barisal,447,0
10-10-2023,Rangpur,806,0
11-10-2023,Dhaka,5005,0
11-10-2023,Chittagong,1269,0
11-10-2023,Khulna,1721,0
11-10-2023,Rajshahi,1441,0
11-10-2023,Comilla,1347,18
11-10-2023,Mymensingh,1162,21
11-10-2023,Sylhet,573,70
11-10-2023,Barisal,434,0
11-10-2023,Rangpur,881,0
12-10-2023,Dhaka,5012,55
12-10-2023,Chittagong,1276,0
12-10-2023,Khulna,1722,0
12-10-2023,Rajshahi,1399,0
12-10-2023,Comilla,1242,90
12-10-2023,Mymensingh,1169,64
12-10-2023,Sylhet,534,35
12-10-2023,Barisal,421,0
12-10-2023,Rangpur,880,0
13-10-2023,Dhaka,4210,0
13-10-2023,Chittagong,1232,0
13-10-2023,Khulna,1567,0
13-10-2023,Rajshahi,1271,0
13-10-2023,Comilla,1266,0
13-10-2023,Mymensingh,1061,0
13-10-2023,Sylhet,499,0
13-10-2023,Barisal,403,0
13-10-2023,Rangpur,796,0
14-10-2023,Dhaka,4774,0
14-10-2023,Chittagong,1331,0
14-10-2023,Khulna,1627,0
14-10-2023,Rajshahi,1329,0
14-10-2023,Comilla,1278,0
14-10-2023,Mymensingh,1085,77
14-10-2023,Sylhet,537,0
14-10-2023,Barisal,410,0
14-10-2023,Rangpur,853,0
15-10-2023,Dhaka,5008,15
15-10-2023,Chittagong,1317,0
15-10-2023,Khulna,1596,0
15-10-2023,Rajshahi,1299,0
15-10-2023,Comilla,1308,0
15-10-2023,Mymensingh,1076,10
15-10-2023,Sylhet,534,0
15-10-2023,Barisal,404,0
15-10-2023,Rangpur,779,0
16-10-2023,Dhaka,5026,0
16-10-2023,Chittagong,1227,0
16-10-2023,Khulna,1553,0
16-10-2023,Rajshahi,1331,0
16-10-2023,Comilla,1265,0
16-10-2023,Mymensingh,1086,0
16-10-2023,Sylhet,535,0
16-10-2023,Barisal,395,0
16-10-2023,Rangpur,758,0
17-10-2023,Dhaka,4993,0
17-10-2023,Chittagong,1268,0
17-10-2023,Khulna,1560,0
17-10-2023,Rajshahi,1310,0
17-10-2023,Comilla,1300,0
17-10-2023,Mymensingh,1093,0
17-10-2023,Sylhet,539,0
17-10-2023,Barisal,411,0
17-10-2023,Rangpur,762,0
18-10-2023,Dhaka,4841,0
18-10-2023,Chittagong,1205,0
18-10-2023,Khulna,1534,0
18-10-2023,Rajshahi,1261,0
18-10-2023,Comilla,1225,0
18-10-2023,Mymensingh,1057,0
18-10-2023,Sylhet,523,0
18-10-2023,Barisal,411,0
18-10-2023,Rangpur,741,0
19-10-2023,Dhaka,4942,0
19-10-2023,Chittagong,1238,0
19-10-2023,Khulna,1463,0
19-10-2023,Rajshahi,1185,0
19-10-2023,Comilla,1266,0
19-10-2023,Mymensingh,1018,18
19-10-2023,Sylhet,523,0
19-10-2023,Barisal,391,0
19-10-2023,Rangpur,732,0
20-10-2023,Dhaka,4047,0
20-10-2023,Chittagong,1211,0
20-10-2023,Khulna,1370,0
20-10-2023,Rajshahi,1097,0
20-10-2023,Comilla,1165,40
20-10-2023,Mymensingh,967,30
20-10-2023,Sylhet,437,73
20-10-2023,Barisal,354,0
20-10-2023,Rangpur,699,0
21-10-2023,Dhaka,4741,0
21-10-2023,Chittagong,1333,0
21-10-2023,Khulna,1417,0
21-10-2023,Rajshahi,1180,0
21-10-2023,Comilla,1230,0
21-10-2023,Mymensingh,1035,50
21-10-2023,Sylhet,513,19
21-10-2023,Barisal,366,0
21-10-2023,Rangpur,730,0
22-10-2023,Dhaka,4716,0
22-10-2023,Chittagong,1238,0
22-10-2023,Khulna,1409,0
22-10-2023,Rajshahi,1191,0
22-10-2023,Comilla,1226,0
22-10-2023,Mymensingh,1009,0
22-10-2023,Sylhet,526,29
22-10-2023,Barisal,391,0
22-10-2023,Rangpur,666,0
23-10-2023,Dhaka,4420,0
23-10-2023,Chittagong,1242,0
23-10-2023,Khulna,1349,0
23-10-2023,Rajshahi,1118,0
23-10-2023,Comilla,1148,0
23-10-2023,Mymensingh,906,0
23-10-2023,Sylhet,491,0
23-10-2023,Barisal,327,0
23-10-2023,Rangpur,717,0
24-10-2023,Dhaka,4346,0
24-10-2023,Chittagong,731,0
24-10-2023,Khulna,1281,0
24-10-2023,Rajshahi,1097,0
24-10-2023,Comilla,1030,0
24-10-2023,Mymensingh,919,0
24-10-2023,Sylhet,427,0
24-10-2023,Barisal,300,0
24-10-2023,Rangpur,640,0
25-10-2023,Dhaka,4711,18
25-10-2023,Chittagong,1076,0
25-10-2023,Khulna,1419,0
25-10-2023,Rajshahi,1170,0
25-10-2023,Comilla,1117,0
25-10-2023,Mymensingh,1002,15
25-10-2023,Sylhet,447,0
25-10-2023,Barisal,338,0
25-10-2023,Rangpur,667,0
26-10-2023,Dhaka,4731,0
26-10-2023,Chittagong,1161,0
26-10-2023,Khulna,1399,0
26-10-2023,Rajshahi,1170,0
26-10-2023,Comilla,1163,0
26-10-2023,Mymensingh,977,25
26-10-2023,Sylhet,481,15
26-10-2023,Barisal,357,0
26-10-2023,Rangpur,677,0
27-10-2023,Dhaka,3836,0
27-10-2023,Chittagong,1109,0
27-10-2023,Khulna,1266,0
27-10-2023,Rajshahi,1027,0
27-10-2023,Comilla,1090,15
27-10-2023,Mymensingh,884,0
27-10-2023,Sylhet,464,8
27-10-2023,Barisal,329,0
27-10-2023,Rangpur,587,0
28-10-2023,Dhaka,4355,0
28-10-2023,Chittagong,1216,0
28-10-2023,Khulna,1309,0
28-10-2023,Rajshahi,1084,0
28-10-2023,Comilla,1114,0
28-10-2023,Mymensingh,863,0
28-10-2023,Sylhet,487,0
28-10-2023,Barisal,334,0
28-10-2023,Rangpur,638,0
29-10-2023,Dhaka,4438,0
29-10-2023,Chittagong,1233,0
29-10-2023,Khulna,1340,0
29-10-2023,Rajshahi,1092,0
29-10-2023,Comilla,1075,0
29-10-2023,Mymensingh,927,0
29-10-2023,Sylhet,482,0
29-10-2023,Barisal,331,0
29-10-2023,Rangpur,724,0
30-10-2023,Dhaka,4568,0
30-10-2023,Chittagong,1199,0
30-10-2023,Khulna,1351,0
30-10-2023,Rajshahi,1129,0
30-10-2023,Comilla,1057,0
30-10-2023,Mymensingh,930,0
30-10-2023,Sylhet,450,0
30-10-2023,Barisal,327,0
30-10-2023,Rangpur,761,0
31-10-2023,Dhaka,4483,0
31-10-2023,Chittagong,1352,0
31-10-2023,Khulna,1352,0
31-10-2023,Rajshahi,1125,0
31-10-2023,Comilla,1151,0
31-10-2023,Mymensingh,989,0
31-10-2023,Sylhet,510,0
31-10-2023,Barisal,331,0
31-10-2023,Rangpur,695,0
01-11-2023,Dhaka,4657,0
01-11-2023,Chittagong,1285,0
01-11-2023,Khulna,1372,0
01-11-2023,Rajshahi,1150,0
01-11-2023,Comilla,1209,16
01-11-2023,Mymensingh,1006,10
01-11-2023,Sylhet,517,18
01-11-2023,Barisal,368,0
01-11-2023,Rangpur,678,0
02-11-2023,Dhaka,4640,0
02-11-2023,Chittagong,1348,0
02-11-2023,Khulna,1444,0
02-11-2023,Rajshahi,1143,0
02-11-2023,Comilla,11215,30
02-11-2023,Mymensingh,984,0
02-11-2023,Sylhet,507,10
02-11-2023,Barisal,375,0
02-11-2023,Rangpur,745,0
03-11-2023,Dhaka,3805,0
03-11-2023,Chittagong,1187,0
03-11-2023,Khulna,1280,0
03-11-2023,Rajshahi,1008,0
03-11-2023,Comilla,1118,20
03-11-2023,Mymensingh,846,0
03-11-2023,Sylhet,451,5
03-11-2023,Barisal,340,0
03-11-2023,Rangpur,571,0
04-11-2023,Dhaka,4574,0
04-11-2023,Chittagong,1195,0
04-11-2023,Khulna,1340,0
04-11-2023,Rajshahi,1130,0
04-11-2023,Comilla,1151,12
04-11-2023,Mymensingh,972,0
04-11-2023,Sylhet,474,10
04-11-2023,Barisal,360,0
04-11-2023,Rangpur,715,0
05-11-2023,Dhaka,4659,0
05-11-2023,Chittagong,1163,0
05-11-2023,Khulna,1332,0
05-11-2023,Rajshahi,1111,0
05-11-2023,Comilla,1099,0
05-11-2023,Mymensingh,932,0
05-11-2023,Sylhet,470,0
05-11-2023,Barisal,348,0
05-11-2023,Rangpur,712,0
06-11-2023,Dhaka,4472,0
06-11-2023,Chittagong,1204,0
06-11-2023,Khulna,1304,0
06-11-2023,Rajshahi,1071,0
06-11-2023,Comilla,1050,15
06-11-2023,Mymensingh,918,0
06-11-2023,Sylhet,449,0
06-11-2023,Barisal,322,0
06-11-2023,Rangpur,694,0
07-11-2023,Dhaka,4308,0
07-11-2023,Chittagong,1106,0
07-11-2023,Khulna,1207,0
07-11-2023,Rajshahi,1020,0
07-11-2023,Comilla,973,0
07-11-2023,Mymensingh,857,0
07-11-2023,Sylhet,407,0
07-11-2023,Barisal,300,0
07-11-2023,Rangpur,651,0
08-11-2023,Dhaka,4420,0
08-11-2023,Chittagong,1109,0
08-11-2023,Khulna,1215,0
08-11-2023,Rajshahi,1024,0
08-11-2023,Comilla,947,0
08-11-2023,Mymensingh,858,0
08-11-2023,Sylhet,407,0
08-11-2023,Barisal,297,0
08-11-2023,Rangpur,677,0
09-11-2023,Dhaka,4417,0
09-11-2023,Chittagong,1161,0
09-11-2023,Khulna,1231,0
09-11-2023,Rajshahi,1009,0
09-11-2023,Comilla,991,0
09-11-2023,Mymensingh,890,0
09-11-2023,Sylhet,418,0
09-11-2023,Barisal,296,0
09-11-2023,Rangpur,687,0
10-11-2023,Dhaka,3418,0
10-11-2023,Chittagong,964,0
10-11-2023,Khulna,1053,0
10-11-2023,Rajshahi,903,0
10-11-2023,Comilla,887,0
10-11-2023,Mymensingh,766,0
10-11-2023,Sylhet,374,0
10-11-2023,Barisal,276,0
10-11-2023,Rangpur,546,0
11-11-2023,Dhaka,4349,0
11-11-2023,Chittagong,1144,0
11-11-2023,Khulna,1198,0
11-11-2023,Rajshahi,1006,0
11-11-2023,Comilla,988,0
11-11-2023,Mymensingh,896,0
11-11-2023,Sylhet,437,0
11-11-2023,Barisal,297,0
11-11-2023,Rangpur,680,0
12-11-2023,Dhaka,4490,0
12-11-2023,Chittagong,1177,0
12-11-2023,Khulna,1222,0
12-11-2023,Rajshahi,999,0
12-11-2023,Comilla,1017,0
12-11-2023,Mymensingh,860,0
12-11-2023,Sylhet,422,0
12-11-2023,Barisal,306,0
12-11-2023,Rangpur,694,0
13-11-2023,Dhaka,4477,0
13-11-2023,Chittagong,1185,0
13-11-2023,Khulna,1217,0
13-11-2023,Rajshahi,1003,0
13-11-2023,Comilla,1012,0
13-11-2023,Mymensingh,891,0
13-11-2023,Sylhet,432,0
13-11-2023,Barisal,297,0
13-11-2023,Rangpur,693,0
14-11-2023,Dhaka,4524,0
14-11-2023,Chittagong,1236,0
14-11-2023,Khulna,1231,0
14-11-2023,Rajshahi,1024,0
14-11-2023,Comilla,1024,0
14-11-2023,Mymensingh,861,0
14-11-2023,Sylhet,434,0
14-11-2023,Barisal,296,0
14-11-2023,Rangpur,662,0
15-11-2023,Dhaka,4547,0
15-11-2023,Chittagong,1337,0
15-11-2023,Khulna,1213,0
15-11-2023,Rajshahi,1004,0
15-11-2023,Comilla,1081,0
15-11-2023,Mymensingh,863,0
15-11-2023,Sylhet,471,0
15-11-2023,Barisal,310,0
15-11-2023,Rangpur,701,0
16-11-2023,Dhaka,4402,0
16-11-2023,Chittagong,1180,0
16-11-2023,Khulna,1094,0
16-11-2023,Rajshahi,941,0
16-11-2023,Comilla,939,0
16-11-2023,Mymensingh,757,0
16-11-2023,Sylhet,428,0
16-11-2023,Barisal,277,0
16-11-2023,Rangpur,657,0
17-11-2023,Dhaka,2780,0
17-11-2023,Chittagong,709,0
17-11-2023,Khulna,845,0
17-11-2023,Rajshahi,822,0
17-11-2023,Comilla,100,0
17-11-2023,Mymensingh,619,0
17-11-2023,Sylhet,153,0
17-11-2023,Barisal,69,0
17-11-2023,Rangpur,523,0
18-11-2023,Dhaka,4108,0
18-11-2023,Chittagong,1067,0
18-11-2023,Khulna,1170,0
18-11-2023,Rajshahi,982,0
18-11-2023,Comilla,681,0
18-11-2023,Mymensingh,783,0
18-11-2023,Sylhet,387,0
18-11-2023,Barisal,229,0
18-11-2023,Rangpur,694,0
19-11-2023,Dhaka,4270,0
19-11-2023,Chittagong,1106,0
19-11-2023,Khulna,1228,0
19-11-2023,Rajshahi,998,0
19-11-2023,Comilla,851,0
19-11-2023,Mymensingh,844,0
19-11-2023,Sylhet,414,0
19-11-2023,Barisal,281,0
19-11-2023,Rangpur,669,0
20-11-2023,Dhaka,4350,0
20-11-2023,Chittagong,1211,0
20-11-2023,Khulna,1226,0
20-11-2023,Rajshahi,999,0
20-11-2023,Comilla,938,0
20-11-2023,Mymensingh,813,0
20-11-2023,Sylhet,435,0
20-11-2023,Barisal,285,0
20-11-2023,Rangpur,715,0
21-11-2023,Dhaka,4371,0
21-11-2023,Chittagong,1223,0
21-11-2023,Khulna,1207,0
21-11-2023,Rajshahi,988,0
21-11-2023,Comilla,900,0
21-11-2023,Mymensingh,814,0
21-11-2023,Sylhet,399,0
21-11-2023,Barisal,284,0
21-11-2023,Rangpur,697,0
22-11-2023,Dhaka,4211,0
22-11-2023,Chittagong,1155,0
22-11-2023,Khulna,1125,0
22-11-2023,Rajshahi,945,0
22-11-2023,Comilla,881,0
22-11-2023,Mymensingh,795,0
22-11-2023,Sylhet,394,0
22-11-2023,Barisal,277,0
22-11-2023,Rangpur,677,0
23-11-2023,Dhaka,4066,0
23-11-2023,Chittagong,1185,0
23-11-2023,Khulna,1147,0
23-11-2023,Rajshahi,928,0
23-11-2023,Comilla,867,0
23-11-2023,Mymensingh,804,0
23-11-2023,Sylhet,391,0
23-11-2023,Barisal,270,0
23-11-2023,Rangpur,669,0
24-11-2023,Dhaka,3147,0
24-11-2023,Chittagong,977,0
24-11-2023,Khulna,1057,0
24-11-2023,Rajshahi,892,0
24-11-2023,Comilla,761,0
24-11-2023,Mymensingh,693,0
24-11-2023,Sylhet,362,0
24-11-2023,Barisal,255,0
24-11-2023,Rangpur,639,0
25-11-2023,Dhaka,3890,0
25-11-2023,Chittagong,1073,0
25-11-2023,Khulna,1142,0
25-11-2023,Rajshahi,948,0
25-11-2023,Comilla,887,0
25-11-2023,Mymensingh,812,0
25-11-2023,Sylhet,413,0
25-11-2023,Barisal,282,0
25-11-2023,Rangpur,707,0
26-11-2023,Dhaka,4125,0
26-11-2023,Chittagong,1168,0
26-11-2023,Khulna,1175,0
26-11-2023,Rajshahi,975,0
26-11-2023,Comilla,890,0
26-11-2023,Mymensingh,800,0
26-11-2023,Sylhet,388,0
26-11-2023,Barisal,271,0
26-11-2023,Rangpur,689,0
27-11-2023,Dhaka,4337,0
27-11-2023,Chittagong,1159,0
27-11-2023,Khulna,1142,0
27-11-2023,Rajshahi,976,0
27-11-2023,Comilla,933,0
27-11-2023,Mymensingh,813,0
27-11-2023,Sylhet,396,0
27-11-2023,Barisal,274,0
27-11-2023,Rangpur,715,0
28-11-2023,Dhaka,4343,0
28-11-2023,Chittagong,1089,0
28-11-2023,Khulna,1182,0
28-11-2023,Rajshahi,1002,0
28-11-2023,Comilla,918,0
28-11-2023,Mymensingh,813,0
28-11-2023,Sylhet,385,0
28-11-2023,Barisal,286,0
28-11-2023,Rangpur,727,0
29-11-2023,Dhaka,4237,0
29-11-2023,Chittagong,1195,0
29-11-2023,Khulna,1143,0
29-11-2023,Rajshahi,964,0
29-11-2023,Comilla,884,0
29-11-2023,Mymensingh,784,0
29-11-2023,Sylhet,386,0
29-11-2023,Barisal,274,0
29-11-2023,Rangpur,708,0
30-11-2023,Dhaka,4214,0
30-11-2023,Chittagong,1135,0
30-11-2023,Khulna,1165,0
30-11-2023,Rajshahi,964,0
30-11-2023,Comilla,902,0
30-11-2023,Mymensingh,800,0
30-11-2023,Sylhet,372,0
30-11-2023,Barisal,277,0
30-11-2023,Rangpur,721,0
01-12-2023,Dhaka,3202,0
01-12-2023,Chittagong,1005,0
01-12-2023,Khulna,1020,0
01-12-2023,Rajshahi,870,0
01-12-2023,Comilla,820,0
01-12-2023,Mymensingh,694,0
01-12-2023,Sylhet,350,0
01-12-2023,Barisal,269,0
01-12-2023,Rangpur,575,0
02-12-2023,Dhaka,3797,0
02-12-2023,Chittagong,1151,0
02-12-2023,Khulna,1173,0
02-12-2023,Rajshahi,970,0
02-12-2023,Comilla,894,0
02-12-2023,Mymensingh,799,0
02-12-2023,Sylhet,375,0
02-12-2023,Barisal,277,0
02-12-2023,Rangpur,680,0
03-12-2023,Dhaka,4217,0
03-12-2023,Chittagong,1117,0
03-12-2023,Khulna,1169,0
03-12-2023,Rajshahi,989,0
03-12-2023,Comilla,877,0
03-12-2023,Mymensingh,790,0
03-12-2023,Sylhet,386,0
03-12-2023,Barisal,279,0
03-12-2023,Rangpur,687,0
04-12-2023,Dhaka,4082,0
04-12-2023,Chittagong,1157,0
04-12-2023,Khulna,1109,0
04-12-2023,Rajshahi,950,0
04-12-2023,Comilla,895,0
04-12-2023,Mymensingh,779,0
04-12-2023,Sylhet,376,0
04-12-2023,Barisal,290,0
04-12-2023,Rangpur,635,0
05-12-2023,Dhaka,4122,0
05-12-2023,Chittagong,1144,0
05-12-2023,Khulna,1130,0
05-12-2023,Rajshahi,968,0
05-12-2023,Comilla,891,0
05-12-2023,Mymensingh,782,0
05-12-2023,Sylhet,374,0
05-12-2023,Barisal,279,0
05-12-2023,Rangpur,715,0
06-12-2023,Dhaka,4172,0
06-12-2023,Chittagong,1198,0
06-12-2023,Khulna,1127,0
06-12-2023,Rajshahi,920,0
06-12-2023,Comilla,881,0
06-12-2023,Mymensingh,751,0
06-12-2023,Sylhet,383,0
06-12-2023,Barisal,286,0
06-12-2023,Rangpur,700,0
07-12-2023,Dhaka,3721,0
07-12-2023,Chittagong,1156,0
07-12-2023,Khulna,1065,0
07-12-2023,Rajshahi,846,0
07-12-2023,Comilla,805,0
07-12-2023,Mymensingh,669,0
07-12-2023,Sylhet,344,0
07-12-2023,Barisal,266,0
07-12-2023,Rangpur,656,0
08-12-2023,Dhaka,2868,0
08-12-2023,Chittagong,951,0
08-12-2023,Khulna,991,0
08-12-2023,Rajshahi,808,0
08-12-2023,Comilla,765,0
08-12-2023,Mymensingh,679,0
08-12-2023,Sylhet,329,0
08-12-2023,Barisal,272,0
08-12-2023,Rangpur,549,0
09-12-2023,Dhaka,3578,0
09-12-2023,Chittagong,1061,0
09-12-2023,Khulna,1102,0
09-12-2023,Rajshahi,913,0
09-12-2023,Comilla,838,0
09-12-2023,Mymensingh,764,0
09-12-2023,Sylhet,356,0
09-12-2023,Barisal,279,0
09-12-2023,Rangpur,655,0
10-12-2023,Dhaka,3715,0
10-12-2023,Chittagong,1088,0
10-12-2023,Khulna,1136,0
10-12-2023,Rajshahi,905,0
10-12-2023,Comilla,834,0
10-12-2023,Mymensingh,742,0
10-12-2023,Sylhet,360,0
10-12-2023,Barisal,263,0
10-12-2023,Rangpur,692,0
11-12-2023,Dhaka,3704,0
11-12-2023,Chittagong,1043,0
11-12-2023,Khulna,1135,0
11-12-2023,Rajshahi,901,0
11-12-2023,Comilla,820,0
11-12-2023,Mymensingh,750,0
11-12-2023,Sylhet,364,0
11-12-2023,Barisal,274,0
11-12-2023,Rangpur,693,0
12-12-2023,Dhaka,3692,0
12-12-2023,Chittagong,949,0
12-12-2023,Khulna,1105,0
12-12-2023,Rajshahi,938,0
12-12-2023,Comilla,836,0
12-12-2023,Mymensingh,746,0
12-12-2023,Sylhet,348,0
12-12-2023,Barisal,291,0
12-12-2023,Rangpur,644,0
13-12-2023,Dhaka,3770,0
13-12-2023,Chittagong,966,0
13-12-2023,Khulna,1101,0
13-12-2023,Rajshahi,957,0
13-12-2023,Comilla,834,0
13-12-2023,Mymensingh,767,0
13-12-2023,Sylhet,353,0
13-12-2023,Barisal,275,0
13-12-2023,Rangpur,699,0
14-12-2023,Dhaka,3650,0
14-12-2023,Chittagong,954,0
14-12-2023,Khulna,1136,0
14-12-2023,Rajshahi,934,0
14-12-2023,Comilla,825,0
14-12-2023,Mymensingh,767,0
14-12-2023,Sylhet,345,0
14-12-2023,Barisal,268,0
14-12-2023,Rangpur,676,0
15-12-2023,Dhaka,2805,0
15-12-2023,Chittagong,760,0
15-12-2023,Khulna,1030,0
15-12-2023,Rajshahi,863,0
15-12-2023,Comilla,763,0
15-12-2023,Mymensingh,721,0
15-12-2023,Sylhet,340,0
15-12-2023,Barisal,253,0
15-12-2023,Rangpur,631,0
16-12-2023,Dhaka,2541,0
16-12-2023,Chittagong,680,0
16-12-2023,Khulna,1051,0
16-12-2023,Rajshahi,877,0
16-12-2023,Comilla,760,0
16-12-2023,Mymensingh,715,0
16-12-2023,Sylhet,325,0
16-12-2023,Barisal,257,0
16-12-2023,Rangpur,641,0
17-12-2023,Dhaka,3429,0
17-12-2023,Chittagong,863,0
17-12-2023,Khulna,1081,0
17-12-2023,Rajshahi,930,0
17-12-2023,Comilla,837,0
17-12-2023,Mymensingh,753,0
17-12-2023,Sylhet,353,0
17-12-2023,Barisal,276,0
17-12-2023,Rangpur,642,0
18-12-2023,Dhaka,3686,0
18-12-2023,Chittagong,912,0
18-12-2023,Khulna,1132,0
18-12-2023,Rajshahi,949,0
18-12-2023,Comilla,821,0
18-12-2023,Mymensingh,765,0
18-12-2023,Sylhet,364,0
18-12-2023,Barisal,275,0
18-12-2023,Rangpur,717,0
19-12-2023,Dhaka,3735,0
19-12-2023,Chittagong,977,0
19-12-2023,Khulna,1148,0
19-12-2023,Rajshahi,964,0
19-12-2023,Comilla,828,0
19-12-2023,Mymensingh,765,0
19-12-2023,Sylhet,356,0
19-12-2023,Barisal,273,0
19-12-2023,Rangpur,700,0
20-12-2023,Dhaka,3774,0
20-12-2023,Chittagong,998,0
20-12-2023,Khulna,1125,0
20-12-2023,Rajshahi,966,0
20-12-2023,Comilla,784,0
20-12-2023,Mymensingh,769,0
20-12-2023,Sylhet,359,0
20-12-2023,Barisal,272,0
20-12-2023,Rangpur,718,0
21-12-2023,Dhaka,3874,0
21-12-2023,Chittagong,966,0
21-12-2023,Khulna,1150,0
21-12-2023,Rajshahi,946,0
21-12-2023,Comilla,846,0
21-12-2023,Mymensingh,760,0
21-12-2023,Sylhet,364,0
21-12-2023,Barisal,269,0
21-12-2023,Rangpur,708,0
22-12-2023,Dhaka,2915,0
22-12-2023,Chittagong,876,0
22-12-2023,Khulna,1044,0
22-12-2023,Rajshahi,860,0
22-12-2023,Comilla,758,0
22-12-2023,Mymensingh,718,0
22-12-2023,Sylhet,330,0
22-12-2023,Barisal,258,0
22-12-2023,Rangpur,639,0
23-12-2023,Dhaka,3630,0
23-12-2023,Chittagong,968,0
23-12-2023,Khulna,1087,0
23-12-2023,Rajshahi,935,0
23-12-2023,Comilla,826,0
23-12-2023,Mymensingh,781,0
23-12-2023,Sylhet,361,0
23-12-2023,Barisal,281,0
23-12-2023,Rangpur,657,0
24-12-2023,Dhaka,3813,0
24-12-2023,Chittagong,1039,0
24-12-2023,Khulna,1143,0
24-12-2023,Rajshahi,942,0
24-12-2023,Comilla,843,0
24-12-2023,Mymensingh,774,0
24-12-2023,Sylhet,366,0
24-12-2023,Barisal,269,0
24-12-2023,Rangpur,692,0
25-12-2023,Dhaka,3649,0
25-12-2023,Chittagong,1027,0
25-12-2023,Khulna,1124,0
25-12-2023,Rajshahi,958,0
25-12-2023,Comilla,812,0
25-12-2023,Mymensingh,761,0
25-12-2023,Sylhet,354,0
25-12-2023,Barisal,264,0
25-12-2023,Rangpur,707,0
26-12-2023,Dhaka,3769,0
26-12-2023,Chittagong,1029,0
26-12-2023,Khulna,1143,0
26-12-2023,Rajshahi,976,0
26-12-2023,Comilla,840,0
26-12-2023,Mymensingh,765,0
26-12-2023,Sylhet,353,0
26-12-2023,Barisal,280,0
26-12-2023,Rangpur,703,0
27-12-2023,Dhaka,3929,0
27-12-2023,Chittagong,1054,0
27-12-2023,Khulna,1136,0
27-12-2023,Rajshahi,959,0
27-12-2023,Comilla,845,0
27-12-2023,Mymensingh,783,0
27-12-2023,Sylhet,362,0
27-12-2023,Barisal,277,0
27-12-2023,Rangpur,707,0
28-12-2023,Dhaka,3912,0
28-12-2023,Chittagong,1057,0
28-12-2023,Khulna,1160,0
28-12-2023,Rajshahi,947,0
28-12-2023,Comilla,822,0
28-12-2023,Mymensingh,792,0
28-12-2023,Sylhet,357,0
28-12-2023,Barisal,270,0
28-12-2023,Rangpur,681,0
29-12-2023,Dhaka,4237,0
29-12-2023,Chittagong,1195,0
29-12-2023,Khulna,1143,0
29-12-2023,Rajshahi,964,0
29-12-2023,Comilla,884,0
29-12-2023,Mymensingh,784,0
29-12-2023,Sylhet,386,0
29-12-2023,Barisal,274,0
29-12-2023,Rangpur,708,0
30-12-2023,Dhaka,3781,0
30-12-2023,Chittagong,1015,0
30-12-2023,Khulna,1129,0
30-12-2023,Rajshahi,933,0
30-12-2023,Comilla,837,0
30-12-2023,Mymensingh,770,0
30-12-2023,Sylhet,378,0
30-12-2023,Barisal,283,0
30-12-2023,Rangpur,659,0
31-12-2023,Dhaka,3882,0
31-12-2023,Chittagong,1117,0
31-12-2023,Khulna,1124,0
31-12-2023,Rajshahi,930,0
31-12-2023,Comilla,785,0
31-12-2023,Mymensingh,792,0
31-12-2023,Sylhet,354,0
31-12-2023,Barisal,275,0
31-12-2023,Rangpur,671,0
