date,demand_mw,previous_load_shed,load_shed_3day_avg,load_shed_7day_avg,previous_demand,demand_3day_avg,demand_change,day_of_week,month,day_of_month,is_weekend,actual_next_day_risk,predicted_probability
2025-01-01,-0.9984896,-0.20488824,-0.15597185,-0.36379594,-0.07158414,-1.2457939,0.31971484,-0.30395022,0.485898,0.24745022,-0.06141063,0,0.02543869
2025-01-02,-1.3593206,-0.211213,-0.16272826,-0.39288968,-0.30858356,-1.3371902,-0.13930957,-0.54285806,0.46069497,0.33792365,-0.063328415,0,0.006615518
2025-01-03,-1.3175402,-0.22659303,-0.15659401,-0.40856814,-0.87629443,-1.2901089,-0.16115767,-0.4119857,0.44526654,-0.093046114,-0.055688694,0,0.0028853896
2025-01-04,-0.6746566,-0.21938768,-0.17769834,-0.3192011,-0.8893868,-1.1159233,0.104417875,0.13359727,0.53235793,-0.20087062,0.09712184,0,0.017592642
2025-01-05,-0.86213505,-0.21767724,-0.1605251,-0.35713094,-0.507526,-1.1944493,-0.07789833,0.68717176,0.7336336,-0.35706437,0.1172785,0,0.029620606
2025-01-06,-1.1041596,-0.23352267,-0.17160422,-0.37714678,-0.2709958,-1.4170159,-0.29107624,-0.307346,0.47829968,-0.4843351,-0.06810462,0,0.0039115376
2025-01-07,-0.90373486,-0.2168798,-0.16701311,-0.35053957,-0.029781342,-1.0555898,0.21932554,-0.21132123,0.51954466,-0.45395583,-0.083981775,0,0.017518543
2025-01-08,-1.2725371,-0.19105461,-0.11787847,-0.36337543,-0.20243765,-1.4699677,-0.23962544,-0.28955618,0.45815247,0.09725839,-0.06857134,0,0.007016199
2025-01-09,-1.1613841,-0.18481633,-0.116638385,-0.42749017,-0.26605982,-1.4167305,-0.29551715,-0.5778556,0.49773672,-0.05697712,-0.06810462,0,0.004647644
2025-01-10,-1.404278,-0.17978428,-0.12335999,-0.4784398,-0.35411024,-1.4138699,-0.18645194,-0.46910614,0.45009235,-0.06539614,-0.06877059,0,0.0037346077
2025-01-11,-0.5976915,-0.18613246,-0.13414954,-0.40477777,-0.8731392,-1.2403243,0.017051464,0.12682164,0.66128045,-0.059858035,0.091521,0,0.01999071
2025-01-12,-0.55090034,-0.1956162,-0.10289603,-0.3887803,0.34726945,-1.3413503,-0.124963574,0.86662465,0.8738,-0.0007121108,0.13589622,0,0.14498067
2025-01-13,-0.999235,-0.20621985,-0.11213022,-0.3875248,0.20398948,-1.4192644,0.17011915,-0.2798346,0.48026115,0.003028695,-0.07263804,0,0.019601678
2025-01-14,-1.238937,-0.1858124,-0.06950875,-0.3508312,0.03722599,-1.1606861,-0.07116183,-0.072341904,0.45083693,0.04854177,-0.08349922,0,0.018180285
2025-01-15,-0.9026407,-0.18572813,-0.07643568,-0.39338893,0.033175096,-1.1515332,-0.040280882,-0.22720383,0.47463855,0.067109145,-0.090218775,0,0.022195881
2025-01-16,-0.8268658,-0.20163095,-0.10026131,-0.38027406,0.21988037,-0.941032,0.24580619,-0.5331468,0.47492433,-0.31318966,-0.08851519,0,0.023266505
2025-01-17,-1.4016924,-0.17045644,-0.047868803,-0.4201414,-0.096407145,-0.93251127,-0.7440329,-0.3656021,0.37957478,-0.38136467,-0.097958826,0,0.003790885
2025-01-18,-0.6395912,-0.20826487,-0.10175034,-0.3601182,-0.928549,-1.338107,-0.028999517,0.07574812,0.61303234,-0.4239121,0.09010256,0,0.010526195
2025-01-19,-0.4380819,-0.21136905,-0.057548482,-0.34422082,0.06592113,-1.2487601,0.19475818,0.89248276,0.7919784,-0.41952083,0.11716102,0,0.12454287
2025-01-20,-0.94008845,-0.20272857,-0.09480912,-0.3325645,0.19516166,-1.3259958,0.20834827,-0.3042336,0.40931442,-0.3571439,-0.07036996,0,0.016174644
2025-01-21,-1.1418586,-0.21002145,-0.078992836,-0.29059255,0.10469966,-1.0696244,-0.27965948,-0.082334734,0.38086078,-0.32720262,-0.08103188,0,0.012509771
2025-01-22,-0.8115549,-0.20650075,-0.07630903,-0.32602727,0.0781337,-0.9597477,0.23068732,-0.2766906,0.4063107,-0.42113316,-0.09104351,0,0.023050005
2025-01-23,-0.76814604,-0.1999085,-0.08005276,-0.33616716,0.23629268,-0.8850648,0.26359785,-0.55185723,0.41218832,-0.40351737,-0.08056517,0,0.024456605
2025-01-24,-1.3745742,-0.18919428,-0.07332248,-0.34935147,-0.0904482,-0.90734285,-0.10782681,-0.4730537,0.31679428,-0.21196839,-0.08123114,0,0.007888606
2025-01-25,-0.6537603,-0.20016536,-0.087525986,-0.34074906,-0.917663,-1.3216836,-0.053381566,0.06057994,0.45494103,-0.3178214,0.0957034,0,0.010206987
2025-01-26,-0.7871138,-0.21677843,-0.05184692,-0.28784996,-0.41015583,-0.8714724,-0.33879596,0.7422689,0.5556586,-0.116910785,0.14695945,0,0.050741725
2025-01-27,-1.0616689,-0.20866357,-0.09624248,-0.28522784,0.23766364,-0.9653645,0.17756738,-0.31913596,0.3230802,-0.0046016388,-0.08532137,0,0.027098365
2025-01-28,-1.1306578,-0.1870321,-0.0715054,-0.2052177,-0.017383445,-0.7748473,-0.10102501,-0.061653785,0.32223088,0.40406457,-0.07637336,0,0.039456666
2025-01-29,-0.72325486,-0.18826284,-0.07010604,-0.24659303,-0.04150141,-0.98231006,-0.11108005,-0.21942025,0.35598338,0.5510545,-0.07741096,0,0.04539928
2025-01-30,-0.94484466,-0.19818263,-0.071696386,-0.26612547,-0.030322209,-0.93889475,-0.28387102,-0.50604665,0.36644083,0.7184741,-0.0761741,0,0.02863322
2025-01-31,-1.2229394,-0.16466768,-0.03793073,-0.2882027,-0.3325193,-1.2271729,-0.5844612,-0.33342195,0.34439984,1.6146512,-0.08254823,0,0.026398163
2025-02-01,-0.8090239,-0.20723361,-0.17659514,-0.35363156,-0.92887247,-1.4048148,0.07577836,0.16270319,0.28393105,0.42802784,0.09088591,0,0.015801216
2025-02-02,-0.9100323,-0.22909252,-0.16152447,-0.36222368,-0.055231195,-1.4217994,-0.21873182,0.7410994,0.40069568,0.3693845,0.11857802,0,0.046451904
2025-02-12,-1.3106049,-0.18705063,-0.1021856,-0.41637433,-0.5145795,-0.8194159,-0.08663201,-0.18959238,-0.06790352,0.010556821,-0.092785366,0,0.0062465197
2025-02-22,-0.73756754,-0.2204503,-0.10724071,-0.31584436,0.33173218,-0.7520871,0.034846764,0.15913002,0.13698325,-0.49927786,0.14285716,0,0.042297263
2025-02-23,-0.88797855,-0.19506614,-0.038345467,-0.35626894,-0.43361658,-0.70994717,-0.63930863,0.9049877,0.08453908,-0.39558515,0.18866445,0,0.022514556
2025-02-24,-0.99299604,-0.19528832,-0.08033688,-0.35807574,-0.07137947,-0.92677,-0.17703836,-0.31316483,-0.16948488,-0.20557389,-0.10108397,0,0.007509199
2025-02-25,-1.0758024,-0.19996971,-0.07391497,-0.29798055,0.18020786,-0.8658515,0.13539605,-0.1279472,-0.16887918,-0.11767886,-0.09060563,0,0.018058438
2025-02-26,-0.97049946,-0.18918312,-0.078802735,-0.32819813,0.2795437,-1.0944993,0.06865109,-0.23660037,-0.17713735,-0.12895048,-0.0839982,0,0.014307351
2025-02-27,-0.76987725,-0.20068862,-0.08724457,-0.32087344,-0.42676654,-0.75998175,0.053099733,-0.52602565,-0.21428904,-0.08249603,-0.08967989,0,0.008856408
2025-02-28,-1.1558619,-0.1794595,-0.07565159,-0.30690843,-0.5439524,-0.87327456,-0.3450558,-0.34818825,-0.22567752,0.3415135,-0.09002913,0,0.006087323
2025-03-01,0.022630772,-0.25428975,-0.18012333,-0.31845325,0.2614544,-0.69371116,-0.06434636,0.047001112,0.06238758,0.38649103,0.09365194,0,0.12672795
2025-03-02,-0.56378376,-0.20167775,-0.14040257,-0.37804103,-0.5760514,-0.8747169,-0.7006925,0.8007561,0.32074714,0.2528673,0.16837901,0,0.039714575
2025-03-03,-1.0615466,-0.21861413,-0.16349743,-0.3781975,-0.5457882,-1.0707624,0.030160531,-0.179642,-0.03511866,-0.020814322,-0.083466694,0,0.0065599876
2025-03-04,-1.3288796,-0.21853077,-0.16212545,-0.37031752,-0.5164071,-1.0504481,-0.020635158,-0.11594296,-0.041611608,-0.28836104,-0.0887096,0,0.00409101
2025-03-05,-1.0906211,-0.23471323,-0.1691401,-0.37300515,-0.41205183,-1.0219895,0.1439307,-0.29666802,-0.073301226,-0.43698987,-0.08804364,0,0.0047469903
2025-03-06,-1.1672113,-0.23012082,-0.16882724,-0.39930373,-0.5017978,-0.86804384,-0.2394337,-0.5457908,-0.009805425,-0.4131627,-0.092318654,0,0.002654843
2025-03-07,-1.1554297,-0.21061552,-0.17486694,-0.42515475,-0.5464421,-0.8485956,-0.07322817,-0.41729644,0.012284905,-0.30638552,-0.092984624,0,0.003943996
2025-03-08,-0.83333325,-0.19406143,-0.14587672,-0.3454523,0.12423304,-0.75623125,-0.13499546,0.2324349,0.28055415,0.18846877,0.15898569,0,0.061909657
2025-03-09,-0.5077494,-0.1835074,-0.11808524,-0.36506283,0.14870666,-0.8359598,0.06995504,0.95470923,0.4706919,0.014722948,0.14679489,0,0.18277176
2025-03-10,-0.41521242,-0.19415526,-0.11747079,-0.41185892,-0.4273031,-0.9826461,-0.057734363,-0.28134704,-0.09647849,0.029303038,-0.08626629,0,0.012944328
2025-03-11,-0.4528135,-0.20118664,-0.10989441,-0.39653176,-0.38911298,-1.1748939,0.013934095,-0.09703024,-0.12920427,-0.06377927,-0.08742107,0,0.012360239
2025-03-12,-0.14041002,-0.22740279,-0.073084,-0.40003985,-0.33671287,-1.1469368,-0.016300896,-0.14472504,-0.09305173,0.027503202,-0.06706349,0,0.019625174
2025-03-13,-0.45588616,-0.16747892,-0.07719465,-0.4336021,-0.54734796,-0.40867066,0.18953224,-0.47623903,-0.15589954,0.0007398976,-0.07786646,0,0.019785719
2025-03-14,0.087153904,-0.22993842,-0.052878767,-0.3896101,-0.3086567,-0.37644988,0.04086138,-0.37143296,-0.20349775,0.06855291,-0.04397728,0,0.04424446
2025-03-15,-0.5071253,-0.25629,-0.08526602,-0.3059125,0.268318,-0.09989025,-0.095171966,-0.09997412,-0.0996407,0.048557457,0.06761739,0,0.078879066
2025-03-16,-0.2696819,-0.2386988,-0.103945084,-0.39533946,-0.17307997,-0.13659875,0.0012704163,0.41459617,0.19658463,-0.40575123,0.06378147,0,0.08788317
2025-03-17,0.12545004,-0.2146815,-0.061563116,-0.29201743,-0.019476702,-0.06932622,0.13794014,0.046386268,-0.18142946,-0.39022124,-0.04090242,0,0.09511345
2025-03-18,0.023843149,-0.19347,0.0021669695,-0.21905525,0.3391828,-0.010201227,0.21656954,0.100134544,-0.18877652,-0.3454495,-0.057899762,0,0.16439946
2025-03-19,-0.014351812,-0.2501091,0.018272461,-0.19415323,-0.017638395,-0.17902441,0.074976966,-0.20230567,-0.27861023,-0.40924937,-0.06951446,0,0.05654006
2025-03-20,0.054432523,-0.17460892,0.07159147,-0.2743405,0.12426627,-0.10748294,-0.6738398,-0.4838648,-0.25245208,-0.36912182,-0.08995235,0,0.030228626
2025-03-21,-1.0371323,-0.16580647,-0.02489205,-0.32674778,-0.42847824,0.13216414,-0.5673224,-0.36420712,-0.2699878,-0.37979648,-0.08529401,0,0.008078833
2025-03-22,-0.77728206,-0.22071065,-0.10655589,-0.3382858,0.26863465,-0.4805982,0.032502096,0.12865181,0.09794085,-0.5012591,0.13074026,0,0.04482545
2025-03-23,-0.22885899,-0.2104044,-0.053756297,-0.27983236,-0.33255538,-0.78047746,0.044669792,0.8966005,0.18445936,-0.46391442,0.14285716,0,0.08516842
2025-03-24,-0.0752716,-0.22884579,-0.03497998,-0.3304952,-0.39011925,-0.9705177,-0.16550094,-0.15322924,-0.24206439,-0.27879518,-0.07567786,0,0.014225414
2025-03-25,-0.00801521,-0.219564,-0.01417319,-0.25673816,-0.49570572,-1.0176109,0.36804876,0.004548759,-0.3054803,-0.3319974,-0.061751172,0,0.025797637
2025-03-26,0.050526995,-0.2304468,-0.012147902,-0.27290592,0.09759587,-0.08749246,-0.07276233,-0.15629101,-0.33402336,-0.4753977,-0.047547974,0,0.055525277
2025-03-27,-0.58281076,-0.19666749,-0.038761295,-0.23187353,-0.075466774,-0.009360861,-0.30520838,-0.47247413,-0.29410583,-0.1975979,-0.034341563,0,0.023394853
2025-04-06,-0.39092544,-0.33133352,-0.25328216,-0.39558515,0.057589144,-0.29338986,-0.06389003,0.48920086,0.56650263,-0.49808717,0.063337326,0,0.08764294
2025-04-07,0.171975,-0.1652488,-0.12283101,-0.4204706,-0.098557204,-0.31084585,-0.5399533,0.02183538,0.14300519,-0.3688833,-0.07924892,0,0.044697024
2025-04-08,0.54958063,-0.22104111,-0.10832612,-0.24639457,0.035311293,-0.067397155,0.37645894,0.09591182,-0.3031593,0.22645503,-0.027472716,0,0.27230278
2025-04-09,0.67651445,-0.25625998,-0.13093995,-0.2744432,0.054806516,-0.17152062,0.037681665,-0.06598093,-0.010039719,0.08928577,-0.041681062,0,0.20013145
2025-04-10,-0.23297532,-0.14400665,-0.058421865,-0.46457773,0.15280928,-0.27304402,0.17392164,-0.5631958,0.13873897,0.031105697,-0.05247504,0,0.07010882
2025-04-11,0.19437714,-0.12692836,-0.0031638015,-0.48274884,-0.1670827,0.99611396,-0.5070336,-0.36836,0.1463372,0.027995646,-0.07967469,0,0.1593511
2025-04-12,0.82073134,-0.28747854,-0.106198415,-0.34552407,-0.007859054,0.01151026,0.29018965,-0.21284601,-0.16042498,0.112627186,0.036702137,0,0.242051
2025-04-13,0.52530557,-0.28735247,-0.08086239,-0.21648803,0.6314525,-0.025127003,-0.024787653,0.5196354,0.41789582,0.0058620824,0.06620149,0,0.55942726
2025-04-14,1.196827,-0.15148902,-0.08184095,-0.19937648,0.11103285,-0.25987396,-0.1276498,0.037725553,-0.06768863,0.06230822,-0.042088706,0,0.30682358
2025-04-15,0.4202898,-0.098050326,0.11942066,-0.3367536,-0.17569184,0.7723858,-0.10752626,0.12250561,0.04950286,0.14840974,-0.07411471,0,0.38876188
2025-04-16,-0.8770235,-0.1352448,0.018191837,-0.30043417,0.2391582,0.80172646,-0.5710539,-0.22779863,-0.03398538,-0.2788688,-0.09026205,0,0.060171805
2025-04-17,-0.35624275,-0.20050883,-0.10502319,-0.36969894,-0.26584792,0.39653867,0.1192612,-0.4522977,-0.022647709,-0.37441206,-0.076877184,0,0.047396347
2025-04-18,0.50603396,-0.24676068,-0.06612187,-0.40268958,-0.35373238,-0.08062847,-0.2248429,-0.37963402,-0.043636326,-0.4541813,-0.06250447,0,0.043041524
2025-04-19,-0.26045573,-0.25867954,-0.068165325,-0.3103078,-0.42806342,-0.44873637,0.22322874,-0.09907851,-0.20031716,-0.4283437,0.059897598,0,0.028975016
2025-04-20,0.40808013,-0.3052924,-0.06317801,-0.25318423,-0.020288069,-0.11144335,0.05590234,0.69840604,0.21800204,-0.46087983,0.06450839,0,0.25687706
2025-04-21,0.9696362,-0.254458,-0.10365961,-0.15270613,0.38257033,-0.3576655,0.37292442,0.21052964,-0.18661465,-0.48603994,-0.037377737,0,0.2817579
2025-04-22,1.2118609,-0.27013278,-0.021986911,-0.08227609,0.78732985,1.0435488,0.057673175,0.34925097,-0.16307576,-0.5960352,-0.025282325,0,0.73066086
2025-04-23,-1.0165857,-0.12537846,0.117551915,-0.11776028,0.3294658,1.0307962,-0.25180537,-0.3263368,-0.115227774,-0.5483974,-0.0854056,0,0.083021864
2025-04-24,0.7209339,-0.24396332,-0.08725846,-0.3574432,-0.18198317,0.13735647,0.25944284,-0.5341598,-0.46865022,-0.44138783,-0.03735092,0,0.07396215
2025-04-25,-0.3886932,-0.1853013,-0.015891347,-0.24052997,0.76281583,-0.027810063,-0.44173023,-0.31979784,-0.09206218,-0.3894002,-0.05945902,1,0.063520975
2025-04-26,0.56515664,-0.2683611,-0.0829846,-0.25719172,-0.15935615,0.013798036,-0.048792608,-0.2464392,-0.072550684,-0.4014791,0.06450839,0,0.10096135
2025-04-27,-0.2565446,0.7542246,-0.025268441,0.20731144,0.13818133,-0.06427592,-0.07791129,0.6358981,0.29480562,0.019028414,0.08243933,0,0.602284
2025-04-28,-1.3405629,-0.18460414,-0.15321583,0.10941101,-0.38011798,-0.03599138,-0.43856016,-0.06392428,0.007291252,0.13567856,-0.07240328,0,0.023895135
2025-04-29,-0.022837,-0.27187848,-0.00418029,0.29150632,-0.26741165,-0.1336516,0.39126438,0.013351672,-0.36086455,0.14798212,-0.024479609,0,0.17739521
2025-04-30,-0.04434666,-0.20768397,0.014842933,0.29944167,-0.33539784,0.14531888,-0.039971866,-0.07830583,-0.40863913,0.6099824,-0.005537815,0,0.20698527
2025-05-01,-0.2293089,-0.16025963,-0.0026951018,0.14189993,-0.069739975,-0.14700218,-0.5491849,-0.47315252,-0.12603939,0.3062824,-0.058906835,0,0.06531393
2025-05-02,-0.31863138,-0.26210627,-0.17382804,0.366166,-0.09387248,-0.0243776,0.34402755,-0.2487625,-0.20649157,0.10240636,-0.019723618,0,0.13846593
2025-05-03,0.5778122,-0.27756664,-0.2092328,0.2697914,-0.004569383,-0.032794762,0.054202683,-0.18113285,-0.07398431,-0.26328743,0.03382504,0,0.19784261
2025-05-04,0.60898167,-0.32188067,-0.21827403,-0.35879037,0.09483624,-0.40358186,0.11336211,0.55792767,0.13159874,-0.6297432,0.041349903,0,0.15747854
2025-05-05,0.9647459,-0.24867332,-0.15950918,-0.36940074,0.460165,1.2690192,0.03394301,0.39037767,-0.13885729,-0.56485987,-0.010977133,0,0.58250785
2025-05-06,-0.17441265,-0.10735509,-0.116814874,-0.4246565,0.44537017,0.83028126,-0.3973698,0.21616717,-0.10701464,-0.49982378,-0.03713667,0,0.15900347
2025-05-07,1.313113,-0.122977294,-0.15068765,-0.21654288,0.036589425,0.82455236,0.6696943,0.038861692,-0.3144837,-0.435467,-0.0068063918,0,0.5849065
2025-05-08,0.5184672,-0.14961275,-0.0067117903,-0.47219625,-0.1445231,0.16328226,-0.66643244,-0.8024199,-0.23191456,0.16499573,-0.043663636,0,0.049096406
2025-05-09,1.1152493,-0.15605892,-0.04949716,-0.25535405,0.076275304,0.61405015,-0.12417043,-0.60447264,-0.17307135,0.042868547,-0.012082078,0,0.30594182
2025-05-10,1.1091049,-0.21796432,-0.08208338,-0.4325355,0.04744925,0.8405036,-0.10209563,-0.30390817,-0.18587118,0.03055235,0.053017586,0,0.368949
2025-05-11,-0.23284791,-0.122917704,-0.04129496,-0.355139,-0.32303375,0.6354307,-0.15778933,0.52900994,-0.049791805,-0.030660061,0.1314477,0,0.21240604
2025-05-12,-0.20725001,-0.19525069,-0.100280285,-0.41816366,-0.25272354,1.1230369,0.07185114,0.09663879,0.017027836,0.10726572,-0.029391784,0,0.25348008
2025-05-13,-0.124042206,-0.22464497,-0.047033608,-0.33401775,-0.3526743,0.1681203,-0.007451209,0.09337681,-0.068340756,0.017380385,-0.04516989,0,0.09819922
2025-05-14,-0.43456182,-0.2337671,-0.07502865,-0.3397816,-0.17670132,-0.11739703,0.089737676,-0.016314615,-0.28517216,0.08163436,-0.027739253,0,0.05583032
2025-05-15,-0.13873607,-0.19751827,-0.101417765,-0.38815898,-0.16286243,-0.12302667,0.24969374,-0.42824975,-0.14108992,0.0077922083,-0.026612073,0,0.060478445
2025-05-16,-0.15315647,-0.16717738,0.018108627,-0.31218368,-0.23997481,-0.036830563,-0.54657394,-0.3155582,-0.19849193,-0.34170786,-0.06226029,0,0.025364703
2025-05-17,1.0252506,-0.27957034,-0.06671918,-0.29967055,-0.38070562,0.018252585,0.3753657,-0.24697174,-0.30548084,-0.27703854,0.04168121,0,0.15597267
2025-05-18,1.0675498,-0.2969465,-0.034477945,-0.09329944,0.6837543,0.26715416,0.07206116,0.4992858,0.07837413,-0.44168043,0.03950436,0,0.6337601
2025-05-19,-0.21604545,-0.15664458,-0.023011377,-0.21944894,0.41532415,-0.29580048,0.28321177,0.2487333,-0.15950535,-0.40688825,-0.04043108,0,0.13430688
2025-05-20,-0.21382591,-0.15487902,0.017503656,-0.24328917,-0.28161672,-0.29506087,-0.43676615,0.006247527,-0.11833623,-0.29240948,-0.061936986,0,0.033334244
2025-05-21,0.13615711,-0.2229286,-0.0477756,-0.2507686,-0.2660507,0.11354527,-0.017961366,-0.06836913,-0.12888923,-0.3145517,-0.048848428,0,0.08246334
2025-05-22,-0.60361516,-0.21485686,-0.04096457,-0.25120082,-0.059943948,-0.044675045,-0.0051075574,-0.47009462,-0.36308944,-0.5041687,-0.027415946,0,0.020272082
2025-05-23,0.55297303,-0.24922211,-0.083482064,-0.25855425,-0.11533157,-0.026283504,-0.17547216,-0.47730875,-0.1577565,-0.5064455,-0.025909929,0,0.05648216
2025-05-24,0.82181937,-0.20801409,-0.09404258,-0.1563138,0.20281598,-0.10795208,0.26918527,-0.32565638,-0.1630737,-0.33893648,0.053020615,1,0.20750277
2025-05-25,-0.3509558,-0.16786993,0.010899944,-0.41205317,0.33121386,0.54430306,-0.35910943,0.32281402,0.0052427794,-0.25252885,0.0660149,1,0.17437601
2025-05-26,1.277905,0.20515642,0.28435537,0.24427697,-0.07287809,0.7247684,0.5197905,0.21232115,-0.40491426,-0.3728902,-0.0019588545,1,0.7896863
2025-05-27,1.1690547,0.352537,-0.061427943,0.1911209,0.5437357,0.38785723,0.23069358,0.39005443,-0.40446016,0.12515369,-0.0047993017,0,0.83570635
2025-05-28,1.3445727,0.11446768,-0.27727422,-0.11849213,0.4758166,0.38523355,-0.10605991,-0.041785274,-0.3454652,0.707179,-0.015400305,0,0.6963329
2025-05-29,0.14144187,-0.13927558,-0.18550287,-0.35019466,0.3505718,0.44846544,-0.623894,-0.57101375,-0.15235622,0.5081916,-0.02647885,0,0.1309093
2025-05-30,0.30032048,-0.14477868,0.16241835,-0.271811,0.24706784,0.37480813,-0.43405372,-0.26378664,-0.13541576,0.45271567,-0.042760395,0,0.25957617
2025-05-31,-0.53735405,-0.24457103,-0.07657602,-0.2973425,-0.25597897,-0.07561804,-0.15879646,-0.09104416,-0.12612723,1.1917297,0.0895493,0,0.13296118
2025-06-01,0.28782293,-0.25526464,-0.1339713,-0.10764489,-0.18070243,-0.0029480895,0.27862814,0.45934552,0.14663444,0.36896673,0.06799599,0,0.40998328
2025-06-02,0.45685628,-0.25766772,-0.080958,0.31229013,0.3040964,-0.01444317,-0.100737184,0.025245328,-0.13024758,0.5763248,-0.029025998,0,0.44246504
2025-06-03,0.42900792,-0.25736094,-0.06971653,0.35983706,0.3290183,-0.17394744,0.034700293,0.09350343,-0.16738316,-0.12790126,-0.008935338,0,0.2989978
2025-06-04,0.3013489,-0.26067802,-0.09892622,-0.2599648,0.377037,-0.14601155,0.1309309,-0.11085652,-0.14553441,-0.47843632,-0.018090308,0,0.11898497
2025-06-14,1.1518093,0.31789345,-0.11151104,0.39300442,-0.38961554,0.40102535,0.18421644,-0.14083903,-0.19349264,-0.062431034,0.041539937,0,0.57412523
2025-06-15,1.067881,-0.29211825,0.4556186,0.3451816,-0.32970616,-0.24940754,0.0022439081,0.22388496,-0.039253857,-0.06622507,0.041539937,0,0.46673477
2025-06-16,0.9746214,-0.13066716,0.28501737,0.34708798,-0.34766924,-0.12340228,-0.50738966,0.35873836,-0.1091018,-0.3019778,-0.048769355,0,0.28978917
2025-06-17,1.4157319,-0.20549934,-0.05590769,-0.013245312,-0.058459282,0.6179057,0.036483783,0.38521183,-0.2427829,-0.25525433,-0.024406316,0,0.5761239
2025-06-18,0.6855553,-0.12144936,0.019753847,-0.02474656,-0.32951236,0.45785406,-0.45578516,-0.022009823,-0.28852534,-0.40842745,-0.03508612,0,0.14000164
2025-06-19,0.9309466,-0.18173152,0.04454943,0.17670262,0.40319598,0.66737986,0.41439888,-0.7017797,-0.24056818,-0.4648172,-0.014854888,0,0.43549266
2025-06-20,0.56706125,-0.24407044,0.055515807,0.16087018,0.060260694,0.6800261,-0.16180617,-0.61384827,-0.28123918,-0.41968635,-0.022992134,0,0.1805234
2025-06-21,1.1101946,-0.18187054,-0.015730904,-0.235987,0.21845695,0.16370082,0.20622776,-0.3769688,-0.20693573,-0.38029352,0.039644465,0,0.27839047
2025-06-22,1.0795385,-0.24984817,0.010026248,-0.34395412,-0.13580477,0.5347269,-0.094331786,0.4823782,-0.14109649,-0.4084116,0.053525206,0,0.37609667
2025-06-23,1.2485783,-0.12338943,0.03160821,-0.3291883,-0.115759075,0.7944303,-0.28830695,0.4301159,-0.17895414,-0.49071988,-0.033029146,0,0.41398615
2025-06-24,1.4395751,-0.07214211,0.03603662,0.017890451,0.36127976,0.5934193,0.6279318,0.3336381,-0.18685605,-0.3122843,-0.022572594,0,0.8209828
2025-07-13,0.9489068,-0.26344186,-0.07695143,-0.34140286,-0.4784417,0.7505771,-0.025506727,0.09079998,-0.5699157,-0.14404893,0.03766428,0,0.20348439
2025-07-14,0.8190629,-0.109474204,0.017935516,-0.26883337,-0.53113824,-0.004587432,-0.28002882,0.5498707,-0.27168337,-0.012911801,-0.036694065,0,0.19444554
2025-07-15,1.2363844,-0.20147103,0.028890247,-0.23447822,-0.17077681,-0.002697153,-0.1282292,0.4664856,-0.35638076,-0.046984132,-0.025238754,0,0.3257671
2025-07-16,1.1348598,-0.23486662,-0.07679531,-0.24349363,-0.4154812,0.5230668,-0.040331982,0.11568192,-0.39294982,-0.3151818,-0.021275228,0,0.22103176
2025-07-17,1.0284139,-0.23346066,-0.068924576,-0.32564384,-0.33995324,0.55663395,0.18504484,-0.7398576,-0.42995465,-0.36847126,-0.021418637,0,0.114003114
2025-07-18,1.2259208,-0.25343263,-0.04939055,-0.3108788,-0.2117901,0.5879855,-0.07716076,-0.5689447,-0.45806095,-0.34419626,-0.02383858,0,0.14471322
2025-07-30,1.1817989,0.31352973,-0.16152745,-0.35039467,0.123919025,0.6642782,0.16356242,-0.049213268,-0.53038484,0.6966089,-0.011592928,0,0.6786746
2025-07-31,0.236568,0.32997417,-0.4372963,-0.2833297,0.0303519,0.36863026,-0.51545596,-0.6424988,-0.37747133,1.4708636,-0.028644858,0,0.24209899
2025-08-01,-0.36683977,-0.23841226,-0.39507177,0.16486746,0.032637067,0.34536445,-0.14353295,-0.4420981,-0.38682956,0.5532826,-0.020059565,0,0.10068931
2025-08-11,1.6175164,-0.08354993,0.0030980026,-0.19654937,0.27458158,0.9761391,-0.0017211941,0.4104702,0.023908313,-0.20073865,0.0039919945,0,0.82262725
2025-08-12,1.5064101,-0.23448122,-0.019550648,-0.22043507,-0.3016711,0.9256988,0.1366051,0.5021117,0.036755305,-0.039402038,-0.01641464,0,0.72764945
2025-08-13,0.89388967,-0.12833849,0.021951707,-0.307955,-0.31738117,0.60842437,-0.71281004,0.075288616,-0.010116094,-0.010665323,-0.023822138,0,0.23068802
2025-08-14,1.187408,-0.09655548,-0.01546386,0.051529936,0.16929945,0.56793284,0.21830899,-0.7097559,0.0010929506,-0.05693963,-0.01919357,0,0.50119174
2025-08-15,1.0523251,-0.28159726,-0.08976004,-0.24313767,-0.2447219,0.7971238,0.023826452,-0.5368189,-0.098981075,-0.100463256,-0.016010363,0,0.26286852
2025-08-16,1.2053511,-0.20752044,-0.113311075,-0.23213887,-0.30717167,0.8042447,-0.1410036,-0.310206,-0.12725176,-0.31458268,0.0334329,0,0.2683412
2025-08-17,1.1847119,-0.24097835,-0.06831237,-0.2196525,-0.4488919,0.6470412,-0.07663545,0.21219197,-0.26527777,-0.3568641,0.033564292,0,0.29069716
2025-08-18,1.2127242,-0.11931075,0.0077940845,-0.24221195,-0.42175084,-0.076265775,-0.31762725,0.5795974,0.105134465,-0.2815273,-0.02849594,0,0.2942491
2025-08-19,1.3558193,-0.20755982,0.010560575,-0.2137809,-0.3271929,-0.08781783,-0.075722255,0.46435937,0.10768878,-0.3790034,-0.01965058,0,0.33957326
2025-08-20,1.0818639,-0.17335004,-0.014004269,-0.22041704,-0.43942246,-0.05265352,0.4895416,0.14619192,0.08983124,-0.33936644,-0.016720891,0,0.3226974
2025-08-21,0.7115313,-0.17440733,0.036956523,-0.3536985,-0.21267167,0.5634983,-0.58563924,-0.7627011,-0.006888215,-0.32788387,-0.029941844,0,0.080561526
2025-08-22,0.8491809,-0.22895251,0.0007024823,-0.28909948,0.51964086,0.8732311,0.5420335,-0.5460038,-0.032500263,-0.43711382,-0.009692182,0,0.48713517
2025-08-23,0.77184653,-0.27984944,-0.0260932,-0.104737945,0.23424654,0.9506141,-0.10977332,-0.40853503,-0.07177834,-0.41794136,0.019252341,0,0.3239569
2025-08-24,1.3281137,-0.21553952,0.0022521522,-0.29341826,0.53456354,0.27770695,0.019295253,0.21862787,-0.18391109,-0.18621372,0.03358622,0,0.56024736
2025-08-25,1.4125421,-0.13561992,-0.050429277,-0.28452224,-0.16354683,0.94053406,-0.016481573,0.28255272,0.14426708,-0.18664856,-0.018173998,0,0.65284693
2025-08-26,1.1735606,-0.10583554,-0.053707458,-0.23140654,-0.37724966,0.65791285,0.13066284,0.4246069,0.14704853,-0.16976242,-0.018573713,0,0.5706148
2025-08-27,0.97876793,-0.10406679,0.032547858,-0.16275577,-0.48578715,-0.22332491,-0.6280078,0.04513611,0.1166042,0.23553953,-0.023874784,0,0.18062507
2025-08-28,0.65397596,-0.1659925,0.07524973,-0.2284687,0.011274558,-0.10934181,-0.56411594,-0.70212966,0.042305972,0.8878806,-0.019782161,0,0.19591233
2025-08-29,1.1015685,-0.20279458,-0.026711904,-0.14863805,0.70586264,0.67276883,-0.13315372,-0.5555768,0.03550674,0.8935715,-0.009993122,0,0.7387562
2025-08-30,1.2804676,-0.1908577,-0.03660642,-0.2319331,0.37204388,0.9166194,-0.24282436,-0.32901773,-0.035980273,0.9543773,0.011113798,0,0.7639585
2025-08-31,1.136669,-0.18064901,-0.03083414,-0.21264647,-0.2529847,0.822494,-0.10866938,0.27564248,-0.17606816,1.6349455,0.0095463125,1,0.83542144
2025-09-01,0.6884691,-0.16703813,-0.18320824,-0.33810055,-0.57693225,0.5606858,-0.62024915,0.41543305,0.18011566,-0.02562311,-0.028219821,0,0.19979681
2025-09-02,1.2849711,0.35024625,-0.08707212,0.1562726,0.015450029,0.46441764,0.5194647,0.24995306,0.3832644,0.0037139878,-0.0151034,0,0.8841859
2025-09-03,1.0707425,-0.24377212,-0.1819465,0.06877862,-0.63232315,-0.3520109,0.19517386,0.0984062,0.1967206,-0.23721358,-0.013330089,0,0.21020818
2025-09-04,0.9824246,-0.26458317,-0.1968883,0.021829626,-0.53314644,-0.497556,0.15651166,-0.6740653,0.20061468,-0.36917463,-0.013929512,0,0.07721087
2025-09-05,0.85298043,-0.21221246,-0.08566332,-0.003339108,-0.6011529,-0.31497595,-0.44386122,-0.35462868,0.18480134,-0.41432062,-0.03491124,0,0.061792932
2025-09-06,0.9808266,-0.23846175,-0.20279105,0.1050284,-0.32986927,-0.24836764,0.10485245,-0.23340313,0.21850744,-0.40833995,0.027948435,0,0.17990862
2025-09-07,1.0708117,-0.21943162,-0.124603964,-0.067348294,-0.5016002,-0.19741632,0.036373917,0.26246598,0.079754606,-0.3370637,0.055746913,1,0.22527097
2025-09-08,1.0745285,-0.24141039,-0.11654771,0.12601332,-0.3629222,-0.104042895,0.21396601,0.34613258,0.11395307,0.07253518,-0.013592234,1,0.45405895
2025-09-09,1.5235022,0.7052905,-0.24235709,0.10085387,-0.022945853,0.43000084,-0.102142684,0.33119678,0.2768275,0.010360322,-0.020453567,0,0.8451735
2025-09-10,1.103438,0.52049625,0.21499039,0.13030098,-0.11112791,0.6060161,-0.09816493,-0.08281156,0.3366656,0.041566256,-0.019433832,0,0.7939723
2025-09-11,1.048853,-0.22105134,0.2990967,0.21885681,-0.2461532,0.5611726,0.20045713,-0.65288913,0.338817,-0.030555248,-0.019458836,0,0.5508852
2025-09-12,0.5974233,-0.21957861,-0.10215786,0.23718597,-0.3221906,-0.22699541,-0.53726953,-0.40425348,0.19752003,-0.04246836,-0.039051622,0,0.10388971
2025-09-13,0.7697919,-0.2994519,-0.09645361,0.28643414,0.44492316,0.8574236,0.58918923,-0.22986776,0.2106359,0.0012550126,0.03761264,0,0.7822105
2025-09-14,0.1623715,-0.15921293,0.033807445,0.15266535,-0.09372506,0.79624736,-0.49319488,0.3433724,0.011005275,0.014720097,0.06419162,0,0.38683188
2025-09-15,-0.5567783,-0.20377092,-0.03897441,0.19751245,0.09019287,0.98955935,-0.23796368,0.2047424,0.030152082,0.04322408,0.0026010787,0,0.31596005
2025-09-16,-0.48070386,-0.21696773,-0.11498364,-0.11021257,-0.41340834,-0.27962577,-0.23156701,0.22884537,0.06075308,-0.3045352,-0.0029279399,0,0.040768214
2025-09-17,0.8878349,-0.23832628,-0.108034365,-0.23354585,-0.19893345,-0.28135934,-0.1715956,0.22029695,0.13275212,-0.29528162,-0.0035027321,0,0.1704288
2025-09-18,0.650984,-0.30043915,-0.09148813,-0.15964998,0.25424936,-0.33494642,-0.08226663,-0.4869616,0.1794206,-0.40684384,-0.0043369075,0,0.111533195
2025-09-19,1.5205134,-0.19828944,-0.01103268,-0.16889858,0.24558507,0.7798493,0.8088809,-0.4706779,0.32226053,-0.25575852,0.003450356,0,0.7829576
2025-09-20,1.1843041,-0.2616721,-0.094310306,-0.40931833,-0.34856796,0.96199375,-0.27301264,-0.26637906,0.22960034,-0.33474383,0.034655146,0,0.2951819
2025-09-21,1.1327124,-0.1891319,-0.06738614,-0.3557139,-0.5104008,0.7963412,-0.093329616,0.38602483,0.10972434,-0.37208143,0.033564292,0,0.39590093
2025-09-22,1.1867218,-0.15073177,-0.0027743299,-0.32095706,-0.45419702,-0.20241414,0.24375002,0.40747753,0.16259784,-0.43950427,-0.02849594,0,0.2908161
2025-09-23,1.1037612,-0.15610869,-0.042760726,-0.25336057,-0.460798,-0.2813355,-0.18678808,0.28875417,0.13004221,-0.47080052,-0.018573713,1,0.16234732
2025-10-12,0.6452903,-0.24715236,-0.11681023,-0.38895684,-0.13915494,0.34477258,0.07101501,0.13273454,-0.05874073,-0.020798534,-0.01761312,0,0.25193623
2025-10-13,1.4365922,-0.14599334,-0.05608069,-0.07702268,0.34723553,1.2188773,0.04351978,0.33537355,0.16803253,-0.03605828,0.0031270501,1,0.8748683
2025-10-14,0.7989276,-0.19081078,0.010985573,-0.50130856,-0.20404696,0.81590104,0.013908192,0.3568325,0.11343632,-0.012364763,-0.0049590115,1,0.47591957
2025-10-15,1.2076095,0.44952115,0.49832496,0.28585634,0.10916597,0.81627584,0.3884901,0.15903176,0.25225332,-0.018394265,-0.0013548596,1,0.94551915
2025-10-16,0.7467625,0.61352164,-0.2993062,0.10660004,0.005570026,0.3135832,0.11805717,-0.6656635,0.24158838,-0.45261192,-0.018696781,0,0.35812914
2025-10-17,1.4368045,0.4635088,-0.09707575,0.2154887,-0.034676407,0.5355765,0.2703889,-0.38372374,0.24966222,-0.4100829,-0.002647596,0,0.72118056
2025-10-18,1.2761412,-0.33846757,-0.29764375,0.22104527,-0.14698642,0.2765693,-0.20293841,-0.25285515,0.21505131,-0.4232662,0.038624153,1,0.28340706
2025-10-19,1.3240445,-0.19205275,0.42977664,0.28811342,-0.23225032,0.8548374,0.26369923,0.3729145,0.21476983,-0.37940457,0.027532028,1,0.84278303
2025-10-20,0.6420918,0.36894408,-0.21174257,0.21940643,-0.41744134,0.20270409,-0.66184,0.28969732,0.22201976,-0.48723933,-0.020212922,0,0.24112712
2025-10-21,1.5348005,0.30817148,-0.26002657,-0.09347158,0.14203024,0.4698191,0.6829037,0.19075464,0.37322295,-0.32461962,-0.023953944,0,0.8464121
2025-10-22,1.4504768,-0.24111372,-0.28243428,0.24185827,-0.32047778,0.4638202,0.35862845,0.044099644,0.3126044,-0.5612975,-0.019740427,0,0.53830636
2025-10-23,1.1907783,-0.2793676,0.5862752,0.30150798,-0.3211879,0.58498675,0.18095347,-0.5987796,0.266168,-0.40875354,-0.013606207,0,0.548863
2025-10-24,0.8269246,-0.22472614,-0.013956842,0.17138332,-0.2204909,0.45276806,-0.31403017,-0.3553519,0.2793299,-0.21828564,-0.03002539,0,0.28103
2025-10-25,1.2365322,-0.27787238,-0.07364903,0.20316957,0.39684117,0.75324565,-0.020784123,-0.25296572,0.25724748,-0.16008003,0.032446116,0,0.6902384
2025-10-26,1.2348853,-0.29517192,-0.045196284,0.1854939,0.21294416,0.84435886,0.037520964,0.3102578,0.15462326,-0.09683642,0.021739524,0,0.7810374
2025-10-27,1.4510256,-0.21265413,-0.09238859,0.31330755,0.26156923,0.7428735,0.046578493,0.25726214,0.26074398,0.24886659,-0.0104407435,0,0.87802374
2025-10-28,1.3763685,-0.2317455,-0.09196582,-0.22923897,-0.07456088,0.779146,0.06591068,0.29365933,0.19598709,0.72914976,-0.009490899,0,0.819109
2025-10-29,1.2706919,-0.24351247,-0.09936587,-0.26376632,-0.1475709,0.76934105,0.09117441,0.09974522,0.23033154,0.7561907,-0.0059940885,0,0.7621257
2025-10-30,1.29166,-0.18894242,-0.04304359,-0.31002948,-0.039733067,0.66175437,-0.13307153,-0.6287966,0.26627603,0.93376523,-0.008414032,0,0.62446135
2025-10-31,0.7720937,-0.20059231,-0.04431821,-0.35146132,-0.25096884,0.56120604,-0.5278267,-0.30450803,0.23891555,1.6721604,-0.023654686,0,0.56172055
2025-11-01,-0.11376527,-0.19163819,-0.1420366,-0.458745,0.04729314,0.8117789,-0.39170533,-0.11170172,0.006904152,0.0023599039,0.0384065,0,0.14236963
2025-11-02,-0.20808737,-0.29562494,-0.17359383,-0.35616773,-0.043303814,0.9742981,0.18093866,0.2260491,-0.16754614,0.3800666,0.009096343,0,0.3171777
2025-11-03,-0.27267978,-0.2857663,-0.1900757,-0.3308422,0.019012615,0.9145489,0.1634232,0.41936013,-0.06250677,-0.099606514,0.0034359153,0,0.26608205
2025-11-04,0.92610115,-0.25547242,-0.22818777,-0.24944605,-0.008705372,-0.42558464,0.34472096,0.28039774,0.10928762,-0.65408784,-0.00208468,0,0.18908639
2025-11-05,-0.30657703,-0.16276167,-0.083317794,-0.4245286,0.30441985,0.92197263,-0.38553658,-0.009639313,-0.028746184,-0.62427217,-0.008060763,0,0.10910226
2025-11-06,-0.5419636,-0.24609347,-0.2090772,-0.3280177,-0.14110744,-0.09091159,-0.23512568,-0.4240137,-0.1050993,-0.6418041,-0.005833062,0,0.013898959
2025-11-07,-0.41084236,-0.2755481,-0.24340437,-0.3937098,-0.18534274,-0.38822648,0.055225905,-0.29882577,-0.111388706,-0.5369066,-0.003413119,1,0.016540272
2025-11-08,-0.5682288,-0.25527385,-0.24591598,-0.34905922,-0.30811405,-0.31553406,-0.057648964,-0.19135758,-0.25663775,0.11993966,0.0011692091,1,0.02367079
2025-11-09,0.034830317,0.37977293,-0.10611176,0.10069466,-0.2932053,-0.29894263,0.23409021,0.08641897,-0.28728926,0.028237589,-0.0041485196,0,0.19488913
2025-11-10,-0.3455422,0.12498292,-0.2625143,-0.1762624,0.09100118,-0.22725265,-0.26151192,0.1939166,-0.023135804,0.036968853,-0.008972483,0,0.10421733
2025-11-11,0.027097553,-0.23781076,-0.23415363,-0.117236964,-0.2586259,-0.0471084,0.048264105,0.25495952,-0.050556958,0.01477424,-0.007130482,0,0.13006042
2025-11-12,-0.21341738,-0.16765378,0.27342677,-0.14230749,0.6047643,0.06993078,0.47907254,0.1143319,0.018317256,0.0647296,-0.019318188,0,0.44743976
2025-11-13,-0.1051418,-0.21337137,0.03334736,-0.18100484,-0.06179235,-0.02007064,0.11926509,-0.28442842,0.05092132,-0.06444877,-0.021456577,0,0.11495705
2025-11-14,-0.9263062,-0.16281365,0.03209049,-0.2552624,-0.22134516,-0.030942041,-0.35851118,-0.23437513,-0.016969243,0.049362443,-0.042991355,0,0.030443622
2025-11-15,-0.36644235,-0.2444173,-0.09823066,-0.1908177,-0.30805862,-0.12809597,-0.26523936,-0.17558093,-0.26548228,-0.064016245,0.048505872,0,0.03386985
2025-11-16,-0.9862749,-0.22426912,-0.049953353,0.116550624,-0.5032507,-0.6429971,-0.21522884,0.18146741,-0.4159427,-0.39169666,0.028428297,0,0.012175658
2025-11-17,-0.6183162,-0.21720904,-0.07811975,-0.3168823,-0.3739228,-1.1146818,-0.10669414,-0.06371073,-0.11648565,-0.37816456,-0.033439107,0,0.0089198025
2025-11-18,-0.7826145,-0.2285547,-0.066509865,-0.28805754,-0.43507203,-1.095502,-0.20793416,0.1269941,-0.062191613,-0.41544798,-0.039958198,0,0.008262379
2025-11-19,-1.1572268,-0.21470484,-0.05998508,-0.31871602,-0.44351023,-1.0715036,-0.25800833,-0.010587982,-0.09093734,-0.3943658,-0.039491482,0,0.004716625
2025-11-20,-0.5011386,-0.21397926,-0.05982487,-0.33181542,-0.3636676,-0.9907816,-0.089983985,-0.33732316,-0.084778495,-0.34289107,-0.04004654,0,0.00947925
2025-11-21,-1.349788,-0.16149776,-0.020089757,-0.3578486,-0.37357277,-0.9940554,0.1534201,-0.2439979,-0.055754922,-0.25676382,-0.04566621,0,0.006702768
2025-11-22,-0.6932969,-0.21403696,-0.09556819,-0.32955712,0.24906664,-0.9620027,-0.118856564,-0.02442364,-0.4011316,-0.410135,0.05929108,0,0.014293572
2025-11-23,-1.2601823,-0.20482212,-0.048832018,-0.35779768,-0.41854376,-1.0016595,0.047746543,0.36721957,-0.39587674,-0.2473065,0.0718147,0,0.008653181
2025-11-24,-1.4693186,-0.21854854,-0.06463465,-0.3217409,-0.46818146,-0.97973853,-0.24517666,-0.07228809,-0.13122264,-0.13296285,-0.043766506,0,0.0043186867
2025-11-25,-1.0349386,-0.19783626,-0.055606052,-0.28609753,-0.3689441,-0.9807225,-0.16684586,0.10612939,-0.12755874,0.010525254,-0.04432156,0,0.011668651
2025-11-26,-1.3950807,-0.20876312,-0.05821287,-0.31119674,-0.4110828,-0.9430044,-0.2393347,-0.016018657,-0.102561675,0.013633001,-0.043766506,0,0.0066379895
2025-11-27,-0.9779197,-0.204113,-0.07159546,-0.314274,-0.44857666,-0.86630386,0.039175425,-0.31988338,-0.13876683,0.14131269,-0.04284076,0,0.01102307
2025-11-28,-1.1515651,-0.1664713,-0.007349953,-0.29585317,-0.541132,-0.919609,-0.5381179,-0.17836455,-0.07674306,0.53604203,-0.048998825,0,0.009184056
2025-11-29,-0.7628472,-0.20794576,-0.09948567,-0.2860976,0.087262064,-0.84876263,0.0264366,-0.074375115,-0.42337114,0.38841015,0.056419447,0,0.031151291
2025-11-30,-1.1960024,-0.1957088,-0.048046406,-0.29735905,-0.5091078,-0.8910245,-0.45025316,0.39382637,-0.44033653,0.6476508,0.09112291,0,0.014947739
2025-12-01,-1.384483,-0.21903183,-0.15795425,-0.33673632,-0.47225037,-0.9627745,-0.04819877,-0.05941232,-0.20184311,0.2937963,-0.041346733,0,0.0075163487
2025-12-02,-1.3952147,-0.23578091,-0.16285492,-0.3101466,-0.43382585,-0.9839325,0.121327005,0.053106528,-0.20191723,0.26784053,-0.040791675,0,0.009804252
2025-12-03,-1.5009093,-0.24086465,-0.16355564,-0.3342099,-0.49253282,-0.93446755,-0.17623374,-0.020426799,-0.14382717,-0.2125104,-0.04125839,0,0.003858185
2025-12-04,-1.4005407,-0.23500793,-0.16808681,-0.35026306,-0.5120317,-0.85330695,-0.19407909,-0.37303427,-0.19394878,-0.42401183,-0.0465013,0,0.002367126
2025-12-05,-1.4498855,-0.22470409,-0.17899041,-0.36609322,-0.098537005,-0.8096535,-0.15927963,-0.3199945,-0.24870366,-0.5480384,-0.04628198,0,0.0031947116
2025-12-06,-1.0379314,-0.24195987,-0.21816792,-0.36119324,-0.18903482,-0.9297989,-0.11998302,0.004959302,-0.600412,-0.5131869,0.07335712,0,0.0043803
2025-12-07,-1.0864805,-0.2334013,-0.16933814,-0.33761498,-0.42601633,-1.0978345,-0.081018016,0.4207155,-0.7117383,-0.48756465,0.08385512,0,0.004410566
2025-12-08,-1.4581814,-0.20766932,-0.117871486,-0.32478523,-0.42051956,-1.0492976,-0.0017722412,-0.13173413,-0.2900213,0.029453466,-0.04603459,0,0.0049111303
2025-12-09,-1.44092,-0.20658825,-0.10487686,-0.3202883,-0.42021298,-0.9555971,0.06722493,0.057311475,-0.24963334,-0.085002705,-0.04603459,0,0.006709403
2025-12-10,-1.3956741,-0.2007151,-0.1009666,-0.36546618,-0.406604,-0.9701537,0.063803785,-0.033589225,-0.23005322,-0.092337675,-0.04603459,0,0.006238938
2025-12-11,-1.2928698,-0.19583994,-0.11947425,-0.38763583,-0.43942976,-0.9154539,0.07619752,-0.38873684,-0.24420473,-0.19248272,-0.04603459,0,0.004325635
2025-12-12,-1.5007563,-0.16287209,-0.037171733,-0.43176305,-0.5066874,-0.907882,-0.58124304,-0.23011513,-0.19409621,-0.12019103,-0.060399707,0,0.0024091343
2025-12-13,-1.0527879,-0.21025327,-0.13517904,-0.37063938,-0.122572556,-0.9643938,-0.017657567,-0.014812416,-0.58576334,-0.076616555,0.07335712,0,0.008407263
2025-12-14,-1.1712837,-0.22749177,-0.08541553,-0.38918105,-0.5193885,-0.9458769,-0.31965274,0.3148621,-0.6345999,-0.082945585,0.08225478,0,0.0051090615
2025-12-15,-1.4321623,-0.21817803,-0.078212015,-0.34633923,-0.45709637,-1.0595245,-0.014366595,-0.115149096,-0.2990924,-0.10381952,-0.04603459,0,0.004223454
2025-12-16,-1.4980474,-0.17261921,-0.00501296,-0.32717258,-0.45403516,-0.9577358,-0.8238491,-0.047528334,-0.16690534,-0.38935563,-0.055837166,0,0.002043603
2025-12-17,-1.3678513,-0.20034035,-0.07512815,-0.3234234,0.11643944,-0.9081906,-0.2450135,0.031338647,-0.24543819,-0.3415516,-0.04432156,0,0.0074181766
2025-12-18,-1.2789217,-0.19565779,-0.08210118,-0.35378066,0.116785124,-0.9927929,-0.25778288,-0.39743036,-0.27460164,-0.38922268,-0.04432156,0,0.0043090256
2025-12-19,-1.60787,-0.16024683,-0.012492225,-0.37388974,-0.46542773,-0.873869,0.12570255,-0.2853478,-0.15553185,-0.38576424,-0.049154785,0,0.003923705
2025-12-20,-1.0639809,-0.21304423,-0.08279628,-0.34034383,-0.87657434,-1.1425337,-0.12220136,-0.031340476,-0.42733693,-0.32627812,0.058548685,0,0.0028409234
2025-12-21,-1.0868129,-0.21380784,-0.064201534,-0.32988936,0.14564969,-1.1454859,-0.3254411,0.37359023,-0.63249296,-0.28778473,0.0799174,0,0.008328927
2025-12-22,-1.4088118,-0.212664,-0.07219818,-0.30910602,-0.39886478,-1.1843059,0.0036590933,-0.12653074,-0.22036135,-0.3657952,-0.043766506,0,0.0035699052
2025-12-23,-1.3727802,-0.21270952,-0.06665901,-0.27648827,-0.35445046,-0.8821622,0.016825467,0.030686887,-0.1954039,-0.35583392,-0.043766506,0,0.006655485
2025-12-24,-1.4207249,-0.19232364,-0.055352245,-0.31991717,-0.45169768,-0.9374575,-0.07585261,-0.01711892,-0.12056986,-0.13830882,-0.044800337,0,0.0062617077
2025-12-25,-1.2390665,-0.2026974,-0.0639051,-0.34970728,0.009107532,-0.81009173,-0.31763524,-0.3622477,-0.13250867,0.00094292674,-0.043766506,0,0.008126446
2025-12-26,-1.2156724,-0.21432303,-0.05809198,-0.34926167,-0.08652195,-0.89872056,-0.28608733,-0.31275827,-0.20349741,0.048230305,-0.04344677,0,0.007296417
